CCT-CHIP-CATALOG	1
19	1	The Fat Man 2-op	Keys	Acoustic Grand	fatman-2op-0-00000-000.cni	1-the-fat-man-2-op.zip
19	1	The Fat Man 2-op	Keys	Bright Piano	fatman-2op-0-00000-001.cni	1-the-fat-man-2-op.zip
19	1	The Fat Man 2-op	Keys	Electric Grand	fatman-2op-0-00000-002.cni	1-the-fat-man-2-op.zip
19	1	The Fat Man 2-op	Keys	Honky Tonk	fatman-2op-0-00000-003.cni	1-the-fat-man-2-op.zip
19	1	The Fat Man 2-op	Keys	Electric Piano 1	fatman-2op-0-00000-004.cni	1-the-fat-man-2-op.zip
19	1	The Fat Man 2-op	Keys	Electric Piano 2	fatman-2op-0-00000-005.cni	1-the-fat-man-2-op.zip
19	1	The Fat Man 2-op	Keys	Harpsichord	fatman-2op-0-00000-006.cni	1-the-fat-man-2-op.zip
19	1	The Fat Man 2-op	Keys	Clavinet	fatman-2op-0-00000-007.cni	1-the-fat-man-2-op.zip
19	1	The Fat Man 2-op	Bell-Mallet	Celesta	fatman-2op-0-00000-008.cni	1-the-fat-man-2-op.zip
19	1	The Fat Man 2-op	Bell-Mallet	Glockenspiel	fatman-2op-0-00000-009.cni	1-the-fat-man-2-op.zip
19	1	The Fat Man 2-op	Bell-Mallet	Music Box	fatman-2op-0-00000-010.cni	1-the-fat-man-2-op.zip
19	1	The Fat Man 2-op	Bell-Mallet	Vibraphone	fatman-2op-0-00000-011.cni	1-the-fat-man-2-op.zip
19	1	The Fat Man 2-op	Bell-Mallet	Marimba	fatman-2op-0-00000-012.cni	1-the-fat-man-2-op.zip
19	1	The Fat Man 2-op	Bell-Mallet	Xylophone	fatman-2op-0-00000-013.cni	1-the-fat-man-2-op.zip
19	1	The Fat Man 2-op	Bell-Mallet	Tubular Bells	fatman-2op-0-00000-014.cni	1-the-fat-man-2-op.zip
19	1	The Fat Man 2-op	Bell-Mallet	Dulcimer	fatman-2op-0-00000-015.cni	1-the-fat-man-2-op.zip
19	1	The Fat Man 2-op	Organ	Drawbar Organ	fatman-2op-0-00000-016.cni	1-the-fat-man-2-op.zip
19	1	The Fat Man 2-op	Organ	Percussive Organ	fatman-2op-0-00000-017.cni	1-the-fat-man-2-op.zip
19	1	The Fat Man 2-op	Organ	Rock Organ	fatman-2op-0-00000-018.cni	1-the-fat-man-2-op.zip
19	1	The Fat Man 2-op	Organ	Church Organ	fatman-2op-0-00000-019.cni	1-the-fat-man-2-op.zip
19	1	The Fat Man 2-op	Organ	Reed Organ	fatman-2op-0-00000-020.cni	1-the-fat-man-2-op.zip
19	1	The Fat Man 2-op	Organ	Accordion	fatman-2op-0-00000-021.cni	1-the-fat-man-2-op.zip
19	1	The Fat Man 2-op	Organ	Harmonica	fatman-2op-0-00000-022.cni	1-the-fat-man-2-op.zip
19	1	The Fat Man 2-op	Organ	Tango Accordion	fatman-2op-0-00000-023.cni	1-the-fat-man-2-op.zip
19	1	The Fat Man 2-op	Pluck	Nylon Guitar	fatman-2op-0-00000-024.cni	1-the-fat-man-2-op.zip
19	1	The Fat Man 2-op	Pluck	Steel Guitar	fatman-2op-0-00000-025.cni	1-the-fat-man-2-op.zip
19	1	The Fat Man 2-op	Pluck	Jazz Guitar	fatman-2op-0-00000-026.cni	1-the-fat-man-2-op.zip
19	1	The Fat Man 2-op	Pluck	Clean Guitar	fatman-2op-0-00000-027.cni	1-the-fat-man-2-op.zip
19	1	The Fat Man 2-op	Pluck	Muted Guitar	fatman-2op-0-00000-028.cni	1-the-fat-man-2-op.zip
19	1	The Fat Man 2-op	Pluck	Overdrive Guitar	fatman-2op-0-00000-029.cni	1-the-fat-man-2-op.zip
19	1	The Fat Man 2-op	Pluck	Distorted Guitar	fatman-2op-0-00000-030.cni	1-the-fat-man-2-op.zip
19	1	The Fat Man 2-op	Pluck	Guitar Harmonics	fatman-2op-0-00000-031.cni	1-the-fat-man-2-op.zip
19	1	The Fat Man 2-op	Bass	Acoustic Bass	fatman-2op-0-00000-032.cni	1-the-fat-man-2-op.zip
19	1	The Fat Man 2-op	Bass	Finger Bass	fatman-2op-0-00000-033.cni	1-the-fat-man-2-op.zip
19	1	The Fat Man 2-op	Bass	Pick Bass	fatman-2op-0-00000-034.cni	1-the-fat-man-2-op.zip
19	1	The Fat Man 2-op	Bass	Fretless Bass	fatman-2op-0-00000-035.cni	1-the-fat-man-2-op.zip
19	1	The Fat Man 2-op	Bass	Slap Bass 1	fatman-2op-0-00000-036.cni	1-the-fat-man-2-op.zip
19	1	The Fat Man 2-op	Bass	Slap Bass 2	fatman-2op-0-00000-037.cni	1-the-fat-man-2-op.zip
19	1	The Fat Man 2-op	Bass	Synth Bass 1	fatman-2op-0-00000-038.cni	1-the-fat-man-2-op.zip
19	1	The Fat Man 2-op	Bass	Synth Bass 2	fatman-2op-0-00000-039.cni	1-the-fat-man-2-op.zip
19	1	The Fat Man 2-op	Other	Violin	fatman-2op-0-00000-040.cni	1-the-fat-man-2-op.zip
19	1	The Fat Man 2-op	Other	Viola	fatman-2op-0-00000-041.cni	1-the-fat-man-2-op.zip
19	1	The Fat Man 2-op	Other	Cello	fatman-2op-0-00000-042.cni	1-the-fat-man-2-op.zip
19	1	The Fat Man 2-op	Other	Contrabass	fatman-2op-0-00000-043.cni	1-the-fat-man-2-op.zip
19	1	The Fat Man 2-op	Other	Tremolo Strings	fatman-2op-0-00000-044.cni	1-the-fat-man-2-op.zip
19	1	The Fat Man 2-op	Other	Pizzicato Strings	fatman-2op-0-00000-045.cni	1-the-fat-man-2-op.zip
19	1	The Fat Man 2-op	Other	Orchestral Harp	fatman-2op-0-00000-046.cni	1-the-fat-man-2-op.zip
19	1	The Fat Man 2-op	Other	Timpani	fatman-2op-0-00000-047.cni	1-the-fat-man-2-op.zip
19	1	The Fat Man 2-op	Other	Strings 1	fatman-2op-0-00000-048.cni	1-the-fat-man-2-op.zip
19	1	The Fat Man 2-op	Other	Strings 2	fatman-2op-0-00000-049.cni	1-the-fat-man-2-op.zip
19	1	The Fat Man 2-op	Other	Synth Strings 1	fatman-2op-0-00000-050.cni	1-the-fat-man-2-op.zip
19	1	The Fat Man 2-op	Other	Synth Strings 2	fatman-2op-0-00000-051.cni	1-the-fat-man-2-op.zip
19	1	The Fat Man 2-op	Other	Choir Aahs	fatman-2op-0-00000-052.cni	1-the-fat-man-2-op.zip
19	1	The Fat Man 2-op	Other	Voice Oohs	fatman-2op-0-00000-053.cni	1-the-fat-man-2-op.zip
19	1	The Fat Man 2-op	Other	Synth Voice	fatman-2op-0-00000-054.cni	1-the-fat-man-2-op.zip
19	1	The Fat Man 2-op	Other	Orchestra Hit	fatman-2op-0-00000-055.cni	1-the-fat-man-2-op.zip
19	1	The Fat Man 2-op	Brass-Reed	Trumpet	fatman-2op-0-00000-056.cni	1-the-fat-man-2-op.zip
19	1	The Fat Man 2-op	Brass-Reed	Trombone	fatman-2op-0-00000-057.cni	1-the-fat-man-2-op.zip
19	1	The Fat Man 2-op	Brass-Reed	Tuba	fatman-2op-0-00000-058.cni	1-the-fat-man-2-op.zip
19	1	The Fat Man 2-op	Brass-Reed	Muted Trumpet	fatman-2op-0-00000-059.cni	1-the-fat-man-2-op.zip
19	1	The Fat Man 2-op	Brass-Reed	French Horn	fatman-2op-0-00000-060.cni	1-the-fat-man-2-op.zip
19	1	The Fat Man 2-op	Brass-Reed	Brass Section	fatman-2op-0-00000-061.cni	1-the-fat-man-2-op.zip
19	1	The Fat Man 2-op	Brass-Reed	Synth Brass 1	fatman-2op-0-00000-062.cni	1-the-fat-man-2-op.zip
19	1	The Fat Man 2-op	Brass-Reed	Synth Brass 2	fatman-2op-0-00000-063.cni	1-the-fat-man-2-op.zip
19	1	The Fat Man 2-op	Brass-Reed	Soprano Sax	fatman-2op-0-00000-064.cni	1-the-fat-man-2-op.zip
19	1	The Fat Man 2-op	Brass-Reed	Alto Sax	fatman-2op-0-00000-065.cni	1-the-fat-man-2-op.zip
19	1	The Fat Man 2-op	Brass-Reed	Tenor Sax	fatman-2op-0-00000-066.cni	1-the-fat-man-2-op.zip
19	1	The Fat Man 2-op	Brass-Reed	Baritone Sax	fatman-2op-0-00000-067.cni	1-the-fat-man-2-op.zip
19	1	The Fat Man 2-op	Brass-Reed	Oboe	fatman-2op-0-00000-068.cni	1-the-fat-man-2-op.zip
19	1	The Fat Man 2-op	Brass-Reed	English Horn	fatman-2op-0-00000-069.cni	1-the-fat-man-2-op.zip
19	1	The Fat Man 2-op	Brass-Reed	Bassoon	fatman-2op-0-00000-070.cni	1-the-fat-man-2-op.zip
19	1	The Fat Man 2-op	Brass-Reed	Clarinet	fatman-2op-0-00000-071.cni	1-the-fat-man-2-op.zip
19	1	The Fat Man 2-op	Brass-Reed	Piccolo	fatman-2op-0-00000-072.cni	1-the-fat-man-2-op.zip
19	1	The Fat Man 2-op	Brass-Reed	Flute	fatman-2op-0-00000-073.cni	1-the-fat-man-2-op.zip
19	1	The Fat Man 2-op	Brass-Reed	Recorder	fatman-2op-0-00000-074.cni	1-the-fat-man-2-op.zip
19	1	The Fat Man 2-op	Brass-Reed	Pan Flute	fatman-2op-0-00000-075.cni	1-the-fat-man-2-op.zip
19	1	The Fat Man 2-op	Brass-Reed	Blown Bottle	fatman-2op-0-00000-076.cni	1-the-fat-man-2-op.zip
19	1	The Fat Man 2-op	Brass-Reed	Shakuhachi	fatman-2op-0-00000-077.cni	1-the-fat-man-2-op.zip
19	1	The Fat Man 2-op	Brass-Reed	Whistle	fatman-2op-0-00000-078.cni	1-the-fat-man-2-op.zip
19	1	The Fat Man 2-op	Brass-Reed	Ocarina	fatman-2op-0-00000-079.cni	1-the-fat-man-2-op.zip
19	1	The Fat Man 2-op	Lead	Square Lead	fatman-2op-0-00000-080.cni	1-the-fat-man-2-op.zip
19	1	The Fat Man 2-op	Lead	Saw Lead	fatman-2op-0-00000-081.cni	1-the-fat-man-2-op.zip
19	1	The Fat Man 2-op	Lead	Calliope Lead	fatman-2op-0-00000-082.cni	1-the-fat-man-2-op.zip
19	1	The Fat Man 2-op	Lead	Chiff Lead	fatman-2op-0-00000-083.cni	1-the-fat-man-2-op.zip
19	1	The Fat Man 2-op	Lead	Charang Lead	fatman-2op-0-00000-084.cni	1-the-fat-man-2-op.zip
19	1	The Fat Man 2-op	Lead	Voice Lead	fatman-2op-0-00000-085.cni	1-the-fat-man-2-op.zip
19	1	The Fat Man 2-op	Lead	Fifths Lead	fatman-2op-0-00000-086.cni	1-the-fat-man-2-op.zip
19	1	The Fat Man 2-op	Lead	Bass Lead	fatman-2op-0-00000-087.cni	1-the-fat-man-2-op.zip
19	1	The Fat Man 2-op	Pad	New Age Pad	fatman-2op-0-00000-088.cni	1-the-fat-man-2-op.zip
19	1	The Fat Man 2-op	Pad	Warm Pad	fatman-2op-0-00000-089.cni	1-the-fat-man-2-op.zip
19	1	The Fat Man 2-op	Pad	Polysynth Pad	fatman-2op-0-00000-090.cni	1-the-fat-man-2-op.zip
19	1	The Fat Man 2-op	Pad	Choir Pad	fatman-2op-0-00000-091.cni	1-the-fat-man-2-op.zip
19	1	The Fat Man 2-op	Pad	Bowed Pad	fatman-2op-0-00000-092.cni	1-the-fat-man-2-op.zip
19	1	The Fat Man 2-op	Pad	Metallic Pad	fatman-2op-0-00000-093.cni	1-the-fat-man-2-op.zip
19	1	The Fat Man 2-op	Pad	Halo Pad	fatman-2op-0-00000-094.cni	1-the-fat-man-2-op.zip
19	1	The Fat Man 2-op	Pad	Sweep Pad	fatman-2op-0-00000-095.cni	1-the-fat-man-2-op.zip
19	1	The Fat Man 2-op	FX	Rain FX	fatman-2op-0-00000-096.cni	1-the-fat-man-2-op.zip
19	1	The Fat Man 2-op	FX	Soundtrack FX	fatman-2op-0-00000-097.cni	1-the-fat-man-2-op.zip
19	1	The Fat Man 2-op	FX	Crystal FX	fatman-2op-0-00000-098.cni	1-the-fat-man-2-op.zip
19	1	The Fat Man 2-op	FX	Atmosphere FX	fatman-2op-0-00000-099.cni	1-the-fat-man-2-op.zip
19	1	The Fat Man 2-op	FX	Brightness FX	fatman-2op-0-00000-100.cni	1-the-fat-man-2-op.zip
19	1	The Fat Man 2-op	FX	Goblins FX	fatman-2op-0-00000-101.cni	1-the-fat-man-2-op.zip
19	1	The Fat Man 2-op	FX	Echoes FX	fatman-2op-0-00000-102.cni	1-the-fat-man-2-op.zip
19	1	The Fat Man 2-op	FX	Sci Fi FX	fatman-2op-0-00000-103.cni	1-the-fat-man-2-op.zip
19	1	The Fat Man 2-op	Other	Sitar	fatman-2op-0-00000-104.cni	1-the-fat-man-2-op.zip
19	1	The Fat Man 2-op	Other	Banjo	fatman-2op-0-00000-105.cni	1-the-fat-man-2-op.zip
19	1	The Fat Man 2-op	Other	Shamisen	fatman-2op-0-00000-106.cni	1-the-fat-man-2-op.zip
19	1	The Fat Man 2-op	Other	Koto	fatman-2op-0-00000-107.cni	1-the-fat-man-2-op.zip
19	1	The Fat Man 2-op	Other	Kalimba	fatman-2op-0-00000-108.cni	1-the-fat-man-2-op.zip
19	1	The Fat Man 2-op	Other	Bagpipe	fatman-2op-0-00000-109.cni	1-the-fat-man-2-op.zip
19	1	The Fat Man 2-op	Other	Fiddle	fatman-2op-0-00000-110.cni	1-the-fat-man-2-op.zip
19	1	The Fat Man 2-op	Other	Shanai	fatman-2op-0-00000-111.cni	1-the-fat-man-2-op.zip
19	1	The Fat Man 2-op	Percussion	Tinkle Bell	fatman-2op-0-00000-112.cni	1-the-fat-man-2-op.zip
19	1	The Fat Man 2-op	Percussion	Agogo	fatman-2op-0-00000-113.cni	1-the-fat-man-2-op.zip
19	1	The Fat Man 2-op	Percussion	Steel Drums	fatman-2op-0-00000-114.cni	1-the-fat-man-2-op.zip
19	1	The Fat Man 2-op	Percussion	Woodblock	fatman-2op-0-00000-115.cni	1-the-fat-man-2-op.zip
19	1	The Fat Man 2-op	Percussion	Taiko Drum	fatman-2op-0-00000-116.cni	1-the-fat-man-2-op.zip
19	1	The Fat Man 2-op	Percussion	Melodic Tom	fatman-2op-0-00000-117.cni	1-the-fat-man-2-op.zip
19	1	The Fat Man 2-op	Percussion	Synth Drum	fatman-2op-0-00000-118.cni	1-the-fat-man-2-op.zip
19	1	The Fat Man 2-op	Percussion	Reverse Cymbal	fatman-2op-0-00000-119.cni	1-the-fat-man-2-op.zip
19	1	The Fat Man 2-op	FX	Guitar Fret Noise	fatman-2op-0-00000-120.cni	1-the-fat-man-2-op.zip
19	1	The Fat Man 2-op	FX	Breath Noise	fatman-2op-0-00000-121.cni	1-the-fat-man-2-op.zip
19	1	The Fat Man 2-op	FX	Seashore	fatman-2op-0-00000-122.cni	1-the-fat-man-2-op.zip
19	1	The Fat Man 2-op	FX	Bird Tweet	fatman-2op-0-00000-123.cni	1-the-fat-man-2-op.zip
19	1	The Fat Man 2-op	FX	Telephone	fatman-2op-0-00000-124.cni	1-the-fat-man-2-op.zip
19	1	The Fat Man 2-op	FX	Helicopter	fatman-2op-0-00000-125.cni	1-the-fat-man-2-op.zip
19	1	The Fat Man 2-op	FX	Applause	fatman-2op-0-00000-126.cni	1-the-fat-man-2-op.zip
19	1	The Fat Man 2-op	FX	Gunshot	fatman-2op-0-00000-127.cni	1-the-fat-man-2-op.zip
19	1	The Fat Man 2-op	Percussion	Percussion 035	fatman-2op-1-00000-035.cni	1-the-fat-man-2-op.zip
19	1	The Fat Man 2-op	Percussion	Percussion 036	fatman-2op-1-00000-036.cni	1-the-fat-man-2-op.zip
19	1	The Fat Man 2-op	Percussion	Percussion 037	fatman-2op-1-00000-037.cni	1-the-fat-man-2-op.zip
19	1	The Fat Man 2-op	Percussion	Percussion 038	fatman-2op-1-00000-038.cni	1-the-fat-man-2-op.zip
19	1	The Fat Man 2-op	Percussion	Percussion 039	fatman-2op-1-00000-039.cni	1-the-fat-man-2-op.zip
19	1	The Fat Man 2-op	Percussion	Percussion 040	fatman-2op-1-00000-040.cni	1-the-fat-man-2-op.zip
19	1	The Fat Man 2-op	Percussion	Percussion 041	fatman-2op-1-00000-041.cni	1-the-fat-man-2-op.zip
19	1	The Fat Man 2-op	Percussion	Percussion 042	fatman-2op-1-00000-042.cni	1-the-fat-man-2-op.zip
19	1	The Fat Man 2-op	Percussion	Percussion 043	fatman-2op-1-00000-043.cni	1-the-fat-man-2-op.zip
19	1	The Fat Man 2-op	Percussion	Percussion 044	fatman-2op-1-00000-044.cni	1-the-fat-man-2-op.zip
19	1	The Fat Man 2-op	Percussion	Percussion 045	fatman-2op-1-00000-045.cni	1-the-fat-man-2-op.zip
19	1	The Fat Man 2-op	Percussion	Percussion 046	fatman-2op-1-00000-046.cni	1-the-fat-man-2-op.zip
19	1	The Fat Man 2-op	Percussion	Percussion 047	fatman-2op-1-00000-047.cni	1-the-fat-man-2-op.zip
19	1	The Fat Man 2-op	Percussion	Percussion 048	fatman-2op-1-00000-048.cni	1-the-fat-man-2-op.zip
19	1	The Fat Man 2-op	Percussion	Percussion 049	fatman-2op-1-00000-049.cni	1-the-fat-man-2-op.zip
19	1	The Fat Man 2-op	Percussion	Percussion 050	fatman-2op-1-00000-050.cni	1-the-fat-man-2-op.zip
19	1	The Fat Man 2-op	Percussion	Percussion 051	fatman-2op-1-00000-051.cni	1-the-fat-man-2-op.zip
19	1	The Fat Man 2-op	Percussion	Percussion 052	fatman-2op-1-00000-052.cni	1-the-fat-man-2-op.zip
19	1	The Fat Man 2-op	Percussion	Percussion 053	fatman-2op-1-00000-053.cni	1-the-fat-man-2-op.zip
19	1	The Fat Man 2-op	Percussion	Percussion 054	fatman-2op-1-00000-054.cni	1-the-fat-man-2-op.zip
19	1	The Fat Man 2-op	Percussion	Percussion 055	fatman-2op-1-00000-055.cni	1-the-fat-man-2-op.zip
19	1	The Fat Man 2-op	Percussion	Percussion 056	fatman-2op-1-00000-056.cni	1-the-fat-man-2-op.zip
19	1	The Fat Man 2-op	Percussion	Percussion 057	fatman-2op-1-00000-057.cni	1-the-fat-man-2-op.zip
19	1	The Fat Man 2-op	Percussion	Percussion 058	fatman-2op-1-00000-058.cni	1-the-fat-man-2-op.zip
19	1	The Fat Man 2-op	Percussion	Percussion 059	fatman-2op-1-00000-059.cni	1-the-fat-man-2-op.zip
19	1	The Fat Man 2-op	Percussion	Percussion 060	fatman-2op-1-00000-060.cni	1-the-fat-man-2-op.zip
19	1	The Fat Man 2-op	Percussion	Percussion 061	fatman-2op-1-00000-061.cni	1-the-fat-man-2-op.zip
19	1	The Fat Man 2-op	Percussion	Percussion 062	fatman-2op-1-00000-062.cni	1-the-fat-man-2-op.zip
19	1	The Fat Man 2-op	Percussion	Percussion 063	fatman-2op-1-00000-063.cni	1-the-fat-man-2-op.zip
19	1	The Fat Man 2-op	Percussion	Percussion 064	fatman-2op-1-00000-064.cni	1-the-fat-man-2-op.zip
19	1	The Fat Man 2-op	Percussion	Percussion 065	fatman-2op-1-00000-065.cni	1-the-fat-man-2-op.zip
19	1	The Fat Man 2-op	Percussion	Percussion 066	fatman-2op-1-00000-066.cni	1-the-fat-man-2-op.zip
19	1	The Fat Man 2-op	Percussion	Percussion 067	fatman-2op-1-00000-067.cni	1-the-fat-man-2-op.zip
19	1	The Fat Man 2-op	Percussion	Percussion 068	fatman-2op-1-00000-068.cni	1-the-fat-man-2-op.zip
19	1	The Fat Man 2-op	Percussion	Percussion 069	fatman-2op-1-00000-069.cni	1-the-fat-man-2-op.zip
19	1	The Fat Man 2-op	Percussion	Percussion 070	fatman-2op-1-00000-070.cni	1-the-fat-man-2-op.zip
19	1	The Fat Man 2-op	Percussion	Percussion 071	fatman-2op-1-00000-071.cni	1-the-fat-man-2-op.zip
19	1	The Fat Man 2-op	Percussion	Percussion 072	fatman-2op-1-00000-072.cni	1-the-fat-man-2-op.zip
19	1	The Fat Man 2-op	Percussion	Percussion 073	fatman-2op-1-00000-073.cni	1-the-fat-man-2-op.zip
19	1	The Fat Man 2-op	Percussion	Percussion 074	fatman-2op-1-00000-074.cni	1-the-fat-man-2-op.zip
19	1	The Fat Man 2-op	Percussion	Percussion 075	fatman-2op-1-00000-075.cni	1-the-fat-man-2-op.zip
19	1	The Fat Man 2-op	Percussion	Percussion 076	fatman-2op-1-00000-076.cni	1-the-fat-man-2-op.zip
19	1	The Fat Man 2-op	Percussion	Percussion 077	fatman-2op-1-00000-077.cni	1-the-fat-man-2-op.zip
19	1	The Fat Man 2-op	Percussion	Percussion 078	fatman-2op-1-00000-078.cni	1-the-fat-man-2-op.zip
19	1	The Fat Man 2-op	Percussion	Percussion 079	fatman-2op-1-00000-079.cni	1-the-fat-man-2-op.zip
19	1	The Fat Man 2-op	Percussion	Percussion 080	fatman-2op-1-00000-080.cni	1-the-fat-man-2-op.zip
19	1	The Fat Man 2-op	Percussion	Percussion 081	fatman-2op-1-00000-081.cni	1-the-fat-man-2-op.zip
19	1	The Fat Man 2-op	Percussion	Percussion 082	fatman-2op-1-00000-082.cni	1-the-fat-man-2-op.zip
19	1	The Fat Man 2-op	Percussion	Percussion 083	fatman-2op-1-00000-083.cni	1-the-fat-man-2-op.zip
19	1	The Fat Man 2-op	Percussion	Percussion 084	fatman-2op-1-00000-084.cni	1-the-fat-man-2-op.zip
19	1	The Fat Man 2-op	Percussion	Percussion 085	fatman-2op-1-00000-085.cni	1-the-fat-man-2-op.zip
19	1	The Fat Man 2-op	Percussion	Percussion 086	fatman-2op-1-00000-086.cni	1-the-fat-man-2-op.zip
19	1	The Fat Man 2-op	Percussion	Percussion 087	fatman-2op-1-00000-087.cni	1-the-fat-man-2-op.zip
20	2	The Fat Man 4-op	Keys	Acoustic Grand	fatman-4op-0-00000-000.cni	2-the-fat-man-4-op.zip
20	2	The Fat Man 4-op	Keys	Bright Piano	fatman-4op-0-00000-001.cni	2-the-fat-man-4-op.zip
20	2	The Fat Man 4-op	Keys	Electric Grand	fatman-4op-0-00000-002.cni	2-the-fat-man-4-op.zip
20	2	The Fat Man 4-op	Keys	Honky Tonk	fatman-4op-0-00000-003.cni	2-the-fat-man-4-op.zip
20	2	The Fat Man 4-op	Keys	Electric Piano 1	fatman-4op-0-00000-004.cni	2-the-fat-man-4-op.zip
20	2	The Fat Man 4-op	Keys	Electric Piano 2	fatman-4op-0-00000-005.cni	2-the-fat-man-4-op.zip
20	2	The Fat Man 4-op	Keys	Harpsichord	fatman-4op-0-00000-006.cni	2-the-fat-man-4-op.zip
20	2	The Fat Man 4-op	Keys	Clavinet	fatman-4op-0-00000-007.cni	2-the-fat-man-4-op.zip
20	2	The Fat Man 4-op	Bell-Mallet	Celesta	fatman-4op-0-00000-008.cni	2-the-fat-man-4-op.zip
20	2	The Fat Man 4-op	Bell-Mallet	Glockenspiel	fatman-4op-0-00000-009.cni	2-the-fat-man-4-op.zip
20	2	The Fat Man 4-op	Bell-Mallet	Music Box	fatman-4op-0-00000-010.cni	2-the-fat-man-4-op.zip
20	2	The Fat Man 4-op	Bell-Mallet	Vibraphone	fatman-4op-0-00000-011.cni	2-the-fat-man-4-op.zip
20	2	The Fat Man 4-op	Bell-Mallet	Marimba	fatman-4op-0-00000-012.cni	2-the-fat-man-4-op.zip
20	2	The Fat Man 4-op	Bell-Mallet	Xylophone	fatman-4op-0-00000-013.cni	2-the-fat-man-4-op.zip
20	2	The Fat Man 4-op	Bell-Mallet	Tubular Bells	fatman-4op-0-00000-014.cni	2-the-fat-man-4-op.zip
20	2	The Fat Man 4-op	Bell-Mallet	Dulcimer	fatman-4op-0-00000-015.cni	2-the-fat-man-4-op.zip
20	2	The Fat Man 4-op	Organ	Drawbar Organ	fatman-4op-0-00000-016.cni	2-the-fat-man-4-op.zip
20	2	The Fat Man 4-op	Organ	Percussive Organ	fatman-4op-0-00000-017.cni	2-the-fat-man-4-op.zip
20	2	The Fat Man 4-op	Organ	Rock Organ	fatman-4op-0-00000-018.cni	2-the-fat-man-4-op.zip
20	2	The Fat Man 4-op	Organ	Church Organ	fatman-4op-0-00000-019.cni	2-the-fat-man-4-op.zip
20	2	The Fat Man 4-op	Organ	Reed Organ	fatman-4op-0-00000-020.cni	2-the-fat-man-4-op.zip
20	2	The Fat Man 4-op	Organ	Accordion	fatman-4op-0-00000-021.cni	2-the-fat-man-4-op.zip
20	2	The Fat Man 4-op	Organ	Harmonica	fatman-4op-0-00000-022.cni	2-the-fat-man-4-op.zip
20	2	The Fat Man 4-op	Organ	Tango Accordion	fatman-4op-0-00000-023.cni	2-the-fat-man-4-op.zip
20	2	The Fat Man 4-op	Pluck	Nylon Guitar	fatman-4op-0-00000-024.cni	2-the-fat-man-4-op.zip
20	2	The Fat Man 4-op	Pluck	Steel Guitar	fatman-4op-0-00000-025.cni	2-the-fat-man-4-op.zip
20	2	The Fat Man 4-op	Pluck	Jazz Guitar	fatman-4op-0-00000-026.cni	2-the-fat-man-4-op.zip
20	2	The Fat Man 4-op	Pluck	Clean Guitar	fatman-4op-0-00000-027.cni	2-the-fat-man-4-op.zip
20	2	The Fat Man 4-op	Pluck	Muted Guitar	fatman-4op-0-00000-028.cni	2-the-fat-man-4-op.zip
20	2	The Fat Man 4-op	Pluck	Overdrive Guitar	fatman-4op-0-00000-029.cni	2-the-fat-man-4-op.zip
20	2	The Fat Man 4-op	Pluck	Distorted Guitar	fatman-4op-0-00000-030.cni	2-the-fat-man-4-op.zip
20	2	The Fat Man 4-op	Pluck	Guitar Harmonics	fatman-4op-0-00000-031.cni	2-the-fat-man-4-op.zip
20	2	The Fat Man 4-op	Bass	Acoustic Bass	fatman-4op-0-00000-032.cni	2-the-fat-man-4-op.zip
20	2	The Fat Man 4-op	Bass	Finger Bass	fatman-4op-0-00000-033.cni	2-the-fat-man-4-op.zip
20	2	The Fat Man 4-op	Bass	Pick Bass	fatman-4op-0-00000-034.cni	2-the-fat-man-4-op.zip
20	2	The Fat Man 4-op	Bass	Fretless Bass	fatman-4op-0-00000-035.cni	2-the-fat-man-4-op.zip
20	2	The Fat Man 4-op	Bass	Slap Bass 1	fatman-4op-0-00000-036.cni	2-the-fat-man-4-op.zip
20	2	The Fat Man 4-op	Bass	Slap Bass 2	fatman-4op-0-00000-037.cni	2-the-fat-man-4-op.zip
20	2	The Fat Man 4-op	Bass	Synth Bass 1	fatman-4op-0-00000-038.cni	2-the-fat-man-4-op.zip
20	2	The Fat Man 4-op	Bass	Synth Bass 2	fatman-4op-0-00000-039.cni	2-the-fat-man-4-op.zip
20	2	The Fat Man 4-op	Other	Violin	fatman-4op-0-00000-040.cni	2-the-fat-man-4-op.zip
20	2	The Fat Man 4-op	Other	Viola	fatman-4op-0-00000-041.cni	2-the-fat-man-4-op.zip
20	2	The Fat Man 4-op	Other	Cello	fatman-4op-0-00000-042.cni	2-the-fat-man-4-op.zip
20	2	The Fat Man 4-op	Other	Contrabass	fatman-4op-0-00000-043.cni	2-the-fat-man-4-op.zip
20	2	The Fat Man 4-op	Other	Tremolo Strings	fatman-4op-0-00000-044.cni	2-the-fat-man-4-op.zip
20	2	The Fat Man 4-op	Other	Pizzicato Strings	fatman-4op-0-00000-045.cni	2-the-fat-man-4-op.zip
20	2	The Fat Man 4-op	Other	Orchestral Harp	fatman-4op-0-00000-046.cni	2-the-fat-man-4-op.zip
20	2	The Fat Man 4-op	Other	Timpani	fatman-4op-0-00000-047.cni	2-the-fat-man-4-op.zip
20	2	The Fat Man 4-op	Other	Strings 1	fatman-4op-0-00000-048.cni	2-the-fat-man-4-op.zip
20	2	The Fat Man 4-op	Other	Strings 2	fatman-4op-0-00000-049.cni	2-the-fat-man-4-op.zip
20	2	The Fat Man 4-op	Other	Synth Strings 1	fatman-4op-0-00000-050.cni	2-the-fat-man-4-op.zip
20	2	The Fat Man 4-op	Other	Synth Strings 2	fatman-4op-0-00000-051.cni	2-the-fat-man-4-op.zip
20	2	The Fat Man 4-op	Other	Choir Aahs	fatman-4op-0-00000-052.cni	2-the-fat-man-4-op.zip
20	2	The Fat Man 4-op	Other	Voice Oohs	fatman-4op-0-00000-053.cni	2-the-fat-man-4-op.zip
20	2	The Fat Man 4-op	Other	Synth Voice	fatman-4op-0-00000-054.cni	2-the-fat-man-4-op.zip
20	2	The Fat Man 4-op	Other	Orchestra Hit	fatman-4op-0-00000-055.cni	2-the-fat-man-4-op.zip
20	2	The Fat Man 4-op	Brass-Reed	Trumpet	fatman-4op-0-00000-056.cni	2-the-fat-man-4-op.zip
20	2	The Fat Man 4-op	Brass-Reed	Trombone	fatman-4op-0-00000-057.cni	2-the-fat-man-4-op.zip
20	2	The Fat Man 4-op	Brass-Reed	Tuba	fatman-4op-0-00000-058.cni	2-the-fat-man-4-op.zip
20	2	The Fat Man 4-op	Brass-Reed	Muted Trumpet	fatman-4op-0-00000-059.cni	2-the-fat-man-4-op.zip
20	2	The Fat Man 4-op	Brass-Reed	French Horn	fatman-4op-0-00000-060.cni	2-the-fat-man-4-op.zip
20	2	The Fat Man 4-op	Brass-Reed	Brass Section	fatman-4op-0-00000-061.cni	2-the-fat-man-4-op.zip
20	2	The Fat Man 4-op	Brass-Reed	Synth Brass 1	fatman-4op-0-00000-062.cni	2-the-fat-man-4-op.zip
20	2	The Fat Man 4-op	Brass-Reed	Synth Brass 2	fatman-4op-0-00000-063.cni	2-the-fat-man-4-op.zip
20	2	The Fat Man 4-op	Brass-Reed	Soprano Sax	fatman-4op-0-00000-064.cni	2-the-fat-man-4-op.zip
20	2	The Fat Man 4-op	Brass-Reed	Alto Sax	fatman-4op-0-00000-065.cni	2-the-fat-man-4-op.zip
20	2	The Fat Man 4-op	Brass-Reed	Tenor Sax	fatman-4op-0-00000-066.cni	2-the-fat-man-4-op.zip
20	2	The Fat Man 4-op	Brass-Reed	Baritone Sax	fatman-4op-0-00000-067.cni	2-the-fat-man-4-op.zip
20	2	The Fat Man 4-op	Brass-Reed	Oboe	fatman-4op-0-00000-068.cni	2-the-fat-man-4-op.zip
20	2	The Fat Man 4-op	Brass-Reed	English Horn	fatman-4op-0-00000-069.cni	2-the-fat-man-4-op.zip
20	2	The Fat Man 4-op	Brass-Reed	Bassoon	fatman-4op-0-00000-070.cni	2-the-fat-man-4-op.zip
20	2	The Fat Man 4-op	Brass-Reed	Clarinet	fatman-4op-0-00000-071.cni	2-the-fat-man-4-op.zip
20	2	The Fat Man 4-op	Brass-Reed	Piccolo	fatman-4op-0-00000-072.cni	2-the-fat-man-4-op.zip
20	2	The Fat Man 4-op	Brass-Reed	Flute	fatman-4op-0-00000-073.cni	2-the-fat-man-4-op.zip
20	2	The Fat Man 4-op	Brass-Reed	Recorder	fatman-4op-0-00000-074.cni	2-the-fat-man-4-op.zip
20	2	The Fat Man 4-op	Brass-Reed	Pan Flute	fatman-4op-0-00000-075.cni	2-the-fat-man-4-op.zip
20	2	The Fat Man 4-op	Brass-Reed	Blown Bottle	fatman-4op-0-00000-076.cni	2-the-fat-man-4-op.zip
20	2	The Fat Man 4-op	Brass-Reed	Shakuhachi	fatman-4op-0-00000-077.cni	2-the-fat-man-4-op.zip
20	2	The Fat Man 4-op	Brass-Reed	Whistle	fatman-4op-0-00000-078.cni	2-the-fat-man-4-op.zip
20	2	The Fat Man 4-op	Brass-Reed	Ocarina	fatman-4op-0-00000-079.cni	2-the-fat-man-4-op.zip
20	2	The Fat Man 4-op	Lead	Square Lead	fatman-4op-0-00000-080.cni	2-the-fat-man-4-op.zip
20	2	The Fat Man 4-op	Lead	Saw Lead	fatman-4op-0-00000-081.cni	2-the-fat-man-4-op.zip
20	2	The Fat Man 4-op	Lead	Calliope Lead	fatman-4op-0-00000-082.cni	2-the-fat-man-4-op.zip
20	2	The Fat Man 4-op	Lead	Chiff Lead	fatman-4op-0-00000-083.cni	2-the-fat-man-4-op.zip
20	2	The Fat Man 4-op	Lead	Charang Lead	fatman-4op-0-00000-084.cni	2-the-fat-man-4-op.zip
20	2	The Fat Man 4-op	Lead	Voice Lead	fatman-4op-0-00000-085.cni	2-the-fat-man-4-op.zip
20	2	The Fat Man 4-op	Lead	Fifths Lead	fatman-4op-0-00000-086.cni	2-the-fat-man-4-op.zip
20	2	The Fat Man 4-op	Lead	Bass Lead	fatman-4op-0-00000-087.cni	2-the-fat-man-4-op.zip
20	2	The Fat Man 4-op	Pad	New Age Pad	fatman-4op-0-00000-088.cni	2-the-fat-man-4-op.zip
20	2	The Fat Man 4-op	Pad	Warm Pad	fatman-4op-0-00000-089.cni	2-the-fat-man-4-op.zip
20	2	The Fat Man 4-op	Pad	Polysynth Pad	fatman-4op-0-00000-090.cni	2-the-fat-man-4-op.zip
20	2	The Fat Man 4-op	Pad	Choir Pad	fatman-4op-0-00000-091.cni	2-the-fat-man-4-op.zip
20	2	The Fat Man 4-op	Pad	Bowed Pad	fatman-4op-0-00000-092.cni	2-the-fat-man-4-op.zip
20	2	The Fat Man 4-op	Pad	Metallic Pad	fatman-4op-0-00000-093.cni	2-the-fat-man-4-op.zip
20	2	The Fat Man 4-op	Pad	Halo Pad	fatman-4op-0-00000-094.cni	2-the-fat-man-4-op.zip
20	2	The Fat Man 4-op	Pad	Sweep Pad	fatman-4op-0-00000-095.cni	2-the-fat-man-4-op.zip
20	2	The Fat Man 4-op	FX	Rain FX	fatman-4op-0-00000-096.cni	2-the-fat-man-4-op.zip
20	2	The Fat Man 4-op	FX	Soundtrack FX	fatman-4op-0-00000-097.cni	2-the-fat-man-4-op.zip
20	2	The Fat Man 4-op	FX	Crystal FX	fatman-4op-0-00000-098.cni	2-the-fat-man-4-op.zip
20	2	The Fat Man 4-op	FX	Atmosphere FX	fatman-4op-0-00000-099.cni	2-the-fat-man-4-op.zip
20	2	The Fat Man 4-op	FX	Brightness FX	fatman-4op-0-00000-100.cni	2-the-fat-man-4-op.zip
20	2	The Fat Man 4-op	FX	Goblins FX	fatman-4op-0-00000-101.cni	2-the-fat-man-4-op.zip
20	2	The Fat Man 4-op	FX	Echoes FX	fatman-4op-0-00000-102.cni	2-the-fat-man-4-op.zip
20	2	The Fat Man 4-op	FX	Sci Fi FX	fatman-4op-0-00000-103.cni	2-the-fat-man-4-op.zip
20	2	The Fat Man 4-op	Other	Sitar	fatman-4op-0-00000-104.cni	2-the-fat-man-4-op.zip
20	2	The Fat Man 4-op	Other	Banjo	fatman-4op-0-00000-105.cni	2-the-fat-man-4-op.zip
20	2	The Fat Man 4-op	Other	Shamisen	fatman-4op-0-00000-106.cni	2-the-fat-man-4-op.zip
20	2	The Fat Man 4-op	Other	Koto	fatman-4op-0-00000-107.cni	2-the-fat-man-4-op.zip
20	2	The Fat Man 4-op	Other	Kalimba	fatman-4op-0-00000-108.cni	2-the-fat-man-4-op.zip
20	2	The Fat Man 4-op	Other	Bagpipe	fatman-4op-0-00000-109.cni	2-the-fat-man-4-op.zip
20	2	The Fat Man 4-op	Other	Fiddle	fatman-4op-0-00000-110.cni	2-the-fat-man-4-op.zip
20	2	The Fat Man 4-op	Other	Shanai	fatman-4op-0-00000-111.cni	2-the-fat-man-4-op.zip
20	2	The Fat Man 4-op	Percussion	Tinkle Bell	fatman-4op-0-00000-112.cni	2-the-fat-man-4-op.zip
20	2	The Fat Man 4-op	Percussion	Agogo	fatman-4op-0-00000-113.cni	2-the-fat-man-4-op.zip
20	2	The Fat Man 4-op	Percussion	Steel Drums	fatman-4op-0-00000-114.cni	2-the-fat-man-4-op.zip
20	2	The Fat Man 4-op	Percussion	Woodblock	fatman-4op-0-00000-115.cni	2-the-fat-man-4-op.zip
20	2	The Fat Man 4-op	Percussion	Taiko Drum	fatman-4op-0-00000-116.cni	2-the-fat-man-4-op.zip
20	2	The Fat Man 4-op	Percussion	Melodic Tom	fatman-4op-0-00000-117.cni	2-the-fat-man-4-op.zip
20	2	The Fat Man 4-op	Percussion	Synth Drum	fatman-4op-0-00000-118.cni	2-the-fat-man-4-op.zip
20	2	The Fat Man 4-op	Percussion	Reverse Cymbal	fatman-4op-0-00000-119.cni	2-the-fat-man-4-op.zip
20	2	The Fat Man 4-op	FX	Guitar Fret Noise	fatman-4op-0-00000-120.cni	2-the-fat-man-4-op.zip
20	2	The Fat Man 4-op	FX	Breath Noise	fatman-4op-0-00000-121.cni	2-the-fat-man-4-op.zip
20	2	The Fat Man 4-op	FX	Seashore	fatman-4op-0-00000-122.cni	2-the-fat-man-4-op.zip
20	2	The Fat Man 4-op	FX	Bird Tweet	fatman-4op-0-00000-123.cni	2-the-fat-man-4-op.zip
20	2	The Fat Man 4-op	FX	Telephone	fatman-4op-0-00000-124.cni	2-the-fat-man-4-op.zip
20	2	The Fat Man 4-op	FX	Helicopter	fatman-4op-0-00000-125.cni	2-the-fat-man-4-op.zip
20	2	The Fat Man 4-op	FX	Applause	fatman-4op-0-00000-126.cni	2-the-fat-man-4-op.zip
20	2	The Fat Man 4-op	FX	Gunshot	fatman-4op-0-00000-127.cni	2-the-fat-man-4-op.zip
19	2	The Fat Man 4-op	Percussion	Percussion 035	fatman-4op-1-00000-035.cni	2-the-fat-man-4-op.zip
20	2	The Fat Man 4-op	Percussion	Percussion 036	fatman-4op-1-00000-036.cni	2-the-fat-man-4-op.zip
20	2	The Fat Man 4-op	Percussion	Percussion 037	fatman-4op-1-00000-037.cni	2-the-fat-man-4-op.zip
20	2	The Fat Man 4-op	Percussion	Percussion 038	fatman-4op-1-00000-038.cni	2-the-fat-man-4-op.zip
20	2	The Fat Man 4-op	Percussion	Percussion 039	fatman-4op-1-00000-039.cni	2-the-fat-man-4-op.zip
20	2	The Fat Man 4-op	Percussion	Percussion 040	fatman-4op-1-00000-040.cni	2-the-fat-man-4-op.zip
20	2	The Fat Man 4-op	Percussion	Percussion 041	fatman-4op-1-00000-041.cni	2-the-fat-man-4-op.zip
20	2	The Fat Man 4-op	Percussion	Percussion 042	fatman-4op-1-00000-042.cni	2-the-fat-man-4-op.zip
20	2	The Fat Man 4-op	Percussion	Percussion 043	fatman-4op-1-00000-043.cni	2-the-fat-man-4-op.zip
20	2	The Fat Man 4-op	Percussion	Percussion 044	fatman-4op-1-00000-044.cni	2-the-fat-man-4-op.zip
20	2	The Fat Man 4-op	Percussion	Percussion 045	fatman-4op-1-00000-045.cni	2-the-fat-man-4-op.zip
20	2	The Fat Man 4-op	Percussion	Percussion 046	fatman-4op-1-00000-046.cni	2-the-fat-man-4-op.zip
20	2	The Fat Man 4-op	Percussion	Percussion 047	fatman-4op-1-00000-047.cni	2-the-fat-man-4-op.zip
20	2	The Fat Man 4-op	Percussion	Percussion 048	fatman-4op-1-00000-048.cni	2-the-fat-man-4-op.zip
20	2	The Fat Man 4-op	Percussion	Percussion 049	fatman-4op-1-00000-049.cni	2-the-fat-man-4-op.zip
20	2	The Fat Man 4-op	Percussion	Percussion 050	fatman-4op-1-00000-050.cni	2-the-fat-man-4-op.zip
20	2	The Fat Man 4-op	Percussion	Percussion 051	fatman-4op-1-00000-051.cni	2-the-fat-man-4-op.zip
20	2	The Fat Man 4-op	Percussion	Percussion 052	fatman-4op-1-00000-052.cni	2-the-fat-man-4-op.zip
20	2	The Fat Man 4-op	Percussion	Percussion 053	fatman-4op-1-00000-053.cni	2-the-fat-man-4-op.zip
20	2	The Fat Man 4-op	Percussion	Percussion 054	fatman-4op-1-00000-054.cni	2-the-fat-man-4-op.zip
20	2	The Fat Man 4-op	Percussion	Percussion 055	fatman-4op-1-00000-055.cni	2-the-fat-man-4-op.zip
20	2	The Fat Man 4-op	Percussion	Percussion 056	fatman-4op-1-00000-056.cni	2-the-fat-man-4-op.zip
20	2	The Fat Man 4-op	Percussion	Percussion 057	fatman-4op-1-00000-057.cni	2-the-fat-man-4-op.zip
20	2	The Fat Man 4-op	Percussion	Percussion 058	fatman-4op-1-00000-058.cni	2-the-fat-man-4-op.zip
20	2	The Fat Man 4-op	Percussion	Percussion 059	fatman-4op-1-00000-059.cni	2-the-fat-man-4-op.zip
20	2	The Fat Man 4-op	Percussion	Percussion 060	fatman-4op-1-00000-060.cni	2-the-fat-man-4-op.zip
20	2	The Fat Man 4-op	Percussion	Percussion 061	fatman-4op-1-00000-061.cni	2-the-fat-man-4-op.zip
20	2	The Fat Man 4-op	Percussion	Percussion 062	fatman-4op-1-00000-062.cni	2-the-fat-man-4-op.zip
20	2	The Fat Man 4-op	Percussion	Percussion 063	fatman-4op-1-00000-063.cni	2-the-fat-man-4-op.zip
20	2	The Fat Man 4-op	Percussion	Percussion 064	fatman-4op-1-00000-064.cni	2-the-fat-man-4-op.zip
20	2	The Fat Man 4-op	Percussion	Percussion 065	fatman-4op-1-00000-065.cni	2-the-fat-man-4-op.zip
20	2	The Fat Man 4-op	Percussion	Percussion 066	fatman-4op-1-00000-066.cni	2-the-fat-man-4-op.zip
20	2	The Fat Man 4-op	Percussion	Percussion 067	fatman-4op-1-00000-067.cni	2-the-fat-man-4-op.zip
20	2	The Fat Man 4-op	Percussion	Percussion 068	fatman-4op-1-00000-068.cni	2-the-fat-man-4-op.zip
20	2	The Fat Man 4-op	Percussion	Percussion 069	fatman-4op-1-00000-069.cni	2-the-fat-man-4-op.zip
20	2	The Fat Man 4-op	Percussion	Percussion 070	fatman-4op-1-00000-070.cni	2-the-fat-man-4-op.zip
20	2	The Fat Man 4-op	Percussion	Percussion 071	fatman-4op-1-00000-071.cni	2-the-fat-man-4-op.zip
20	2	The Fat Man 4-op	Percussion	Percussion 072	fatman-4op-1-00000-072.cni	2-the-fat-man-4-op.zip
20	2	The Fat Man 4-op	Percussion	Percussion 073	fatman-4op-1-00000-073.cni	2-the-fat-man-4-op.zip
20	2	The Fat Man 4-op	Percussion	Percussion 074	fatman-4op-1-00000-074.cni	2-the-fat-man-4-op.zip
20	2	The Fat Man 4-op	Percussion	Percussion 075	fatman-4op-1-00000-075.cni	2-the-fat-man-4-op.zip
20	2	The Fat Man 4-op	Percussion	Percussion 076	fatman-4op-1-00000-076.cni	2-the-fat-man-4-op.zip
20	2	The Fat Man 4-op	Percussion	Percussion 077	fatman-4op-1-00000-077.cni	2-the-fat-man-4-op.zip
20	2	The Fat Man 4-op	Percussion	Percussion 078	fatman-4op-1-00000-078.cni	2-the-fat-man-4-op.zip
20	2	The Fat Man 4-op	Percussion	Percussion 079	fatman-4op-1-00000-079.cni	2-the-fat-man-4-op.zip
20	2	The Fat Man 4-op	Percussion	Percussion 080	fatman-4op-1-00000-080.cni	2-the-fat-man-4-op.zip
20	2	The Fat Man 4-op	Percussion	Percussion 081	fatman-4op-1-00000-081.cni	2-the-fat-man-4-op.zip
20	2	The Fat Man 4-op	Percussion	Percussion 082	fatman-4op-1-00000-082.cni	2-the-fat-man-4-op.zip
20	2	The Fat Man 4-op	Percussion	Percussion 083	fatman-4op-1-00000-083.cni	2-the-fat-man-4-op.zip
20	2	The Fat Man 4-op	Percussion	Percussion 084	fatman-4op-1-00000-084.cni	2-the-fat-man-4-op.zip
20	2	The Fat Man 4-op	Percussion	Percussion 085	fatman-4op-1-00000-085.cni	2-the-fat-man-4-op.zip
20	2	The Fat Man 4-op	Percussion	Percussion 086	fatman-4op-1-00000-086.cni	2-the-fat-man-4-op.zip
20	2	The Fat Man 4-op	Percussion	Percussion 087	fatman-4op-1-00000-087.cni	2-the-fat-man-4-op.zip
20	3	DMXOPL3	Keys	Acoustic Grand Piano	dmxopl3-0-00000-000.cni	3-dmxopl3.zip
20	3	DMXOPL3	Keys	Bright Acoustic Piano	dmxopl3-0-00000-001.cni	3-dmxopl3.zip
20	3	DMXOPL3	Keys	Electric Grand	dmxopl3-0-00000-002.cni	3-dmxopl3.zip
20	3	DMXOPL3	Keys	Honky-tonk Piano	dmxopl3-0-00000-003.cni	3-dmxopl3.zip
20	3	DMXOPL3	Keys	Electric Piano (Rhodes)	dmxopl3-0-00000-004.cni	3-dmxopl3.zip
20	3	DMXOPL3	Keys	Electric Piano (DX-7)	dmxopl3-0-00000-005.cni	3-dmxopl3.zip
20	3	DMXOPL3	Keys	Harpsichord	dmxopl3-0-00000-006.cni	3-dmxopl3.zip
20	3	DMXOPL3	Keys	Clavichord	dmxopl3-0-00000-007.cni	3-dmxopl3.zip
20	3	DMXOPL3	Bell-Mallet	Celesta	dmxopl3-0-00000-008.cni	3-dmxopl3.zip
20	3	DMXOPL3	Bell-Mallet	Glockenspiel	dmxopl3-0-00000-009.cni	3-dmxopl3.zip
20	3	DMXOPL3	Bell-Mallet	Music Box	dmxopl3-0-00000-010.cni	3-dmxopl3.zip
20	3	DMXOPL3	Bell-Mallet	Vibraphone	dmxopl3-0-00000-011.cni	3-dmxopl3.zip
20	3	DMXOPL3	Bell-Mallet	Marimba	dmxopl3-0-00000-012.cni	3-dmxopl3.zip
20	3	DMXOPL3	Bell-Mallet	Xylophone	dmxopl3-0-00000-013.cni	3-dmxopl3.zip
20	3	DMXOPL3	Bell-Mallet	Tubular Bells	dmxopl3-0-00000-014.cni	3-dmxopl3.zip
20	3	DMXOPL3	Bell-Mallet	Dulcimer	dmxopl3-0-00000-015.cni	3-dmxopl3.zip
20	3	DMXOPL3	Organ	Drawbar Organ	dmxopl3-0-00000-016.cni	3-dmxopl3.zip
20	3	DMXOPL3	Organ	Percussive Organ	dmxopl3-0-00000-017.cni	3-dmxopl3.zip
20	3	DMXOPL3	Organ	Rock Organ	dmxopl3-0-00000-018.cni	3-dmxopl3.zip
20	3	DMXOPL3	Organ	Church Organ	dmxopl3-0-00000-019.cni	3-dmxopl3.zip
20	3	DMXOPL3	Organ	Reed Organ	dmxopl3-0-00000-020.cni	3-dmxopl3.zip
20	3	DMXOPL3	Organ	Accordion	dmxopl3-0-00000-021.cni	3-dmxopl3.zip
20	3	DMXOPL3	Organ	Harmonica	dmxopl3-0-00000-022.cni	3-dmxopl3.zip
20	3	DMXOPL3	Organ	Tango Accordion	dmxopl3-0-00000-023.cni	3-dmxopl3.zip
20	3	DMXOPL3	Pluck	Nylon Guitar	dmxopl3-0-00000-024.cni	3-dmxopl3.zip
20	3	DMXOPL3	Pluck	Acoustic Guitar (steel)	dmxopl3-0-00000-025.cni	3-dmxopl3.zip
20	3	DMXOPL3	Pluck	Electric Guitar (jazz)	dmxopl3-0-00000-026.cni	3-dmxopl3.zip
20	3	DMXOPL3	Pluck	Electric Guitar (clean)	dmxopl3-0-00000-027.cni	3-dmxopl3.zip
20	3	DMXOPL3	Pluck	Electric Guitar (muted)	dmxopl3-0-00000-028.cni	3-dmxopl3.zip
20	3	DMXOPL3	Pluck	Overdriven Guitar	dmxopl3-0-00000-029.cni	3-dmxopl3.zip
20	3	DMXOPL3	Pluck	Distortion Guitar	dmxopl3-0-00000-030.cni	3-dmxopl3.zip
20	3	DMXOPL3	Pluck	Guitar Harmonics	dmxopl3-0-00000-031.cni	3-dmxopl3.zip
20	3	DMXOPL3	Bass	Acoustic Bass	dmxopl3-0-00000-032.cni	3-dmxopl3.zip
20	3	DMXOPL3	Bass	Electric Bass (finger)	dmxopl3-0-00000-033.cni	3-dmxopl3.zip
20	3	DMXOPL3	Bass	Electric Bass (pick)	dmxopl3-0-00000-034.cni	3-dmxopl3.zip
20	3	DMXOPL3	Bass	Fretless Bass	dmxopl3-0-00000-035.cni	3-dmxopl3.zip
20	3	DMXOPL3	Bass	Slap Bass 1	dmxopl3-0-00000-036.cni	3-dmxopl3.zip
20	3	DMXOPL3	Bass	Slap Bass 2	dmxopl3-0-00000-037.cni	3-dmxopl3.zip
19	3	DMXOPL3	Bass	Synth Bass 1	dmxopl3-0-00000-038.cni	3-dmxopl3.zip
20	3	DMXOPL3	Bass	Synth Bass 2 (SC-55)	dmxopl3-0-00000-039.cni	3-dmxopl3.zip
20	3	DMXOPL3	Other	Violin	dmxopl3-0-00000-040.cni	3-dmxopl3.zip
19	3	DMXOPL3	Other	Viola	dmxopl3-0-00000-041.cni	3-dmxopl3.zip
20	3	DMXOPL3	Other	Cello	dmxopl3-0-00000-042.cni	3-dmxopl3.zip
20	3	DMXOPL3	Other	Contrabass	dmxopl3-0-00000-043.cni	3-dmxopl3.zip
20	3	DMXOPL3	Other	Tremolo Strings (Patch93)	dmxopl3-0-00000-044.cni	3-dmxopl3.zip
20	3	DMXOPL3	Other	Pizzicato String	dmxopl3-0-00000-045.cni	3-dmxopl3.zip
20	3	DMXOPL3	Other	Orchestral Harp	dmxopl3-0-00000-046.cni	3-dmxopl3.zip
20	3	DMXOPL3	Other	Timpani	dmxopl3-0-00000-047.cni	3-dmxopl3.zip
20	3	DMXOPL3	Other	Strings 1	dmxopl3-0-00000-048.cni	3-dmxopl3.zip
20	3	DMXOPL3	Other	String Ensemble 2	dmxopl3-0-00000-049.cni	3-dmxopl3.zip
20	3	DMXOPL3	Other	SynthStrings 1	dmxopl3-0-00000-050.cni	3-dmxopl3.zip
20	3	DMXOPL3	Other	SynthStrings 2	dmxopl3-0-00000-051.cni	3-dmxopl3.zip
20	3	DMXOPL3	Other	Choir Aahs	dmxopl3-0-00000-052.cni	3-dmxopl3.zip
20	3	DMXOPL3	Other	Voice Oohs	dmxopl3-0-00000-053.cni	3-dmxopl3.zip
20	3	DMXOPL3	Other	Synth Voice	dmxopl3-0-00000-054.cni	3-dmxopl3.zip
20	3	DMXOPL3	Other	Orchestra Hit	dmxopl3-0-00000-055.cni	3-dmxopl3.zip
20	3	DMXOPL3	Brass-Reed	Trumpet	dmxopl3-0-00000-056.cni	3-dmxopl3.zip
20	3	DMXOPL3	Brass-Reed	Trombone	dmxopl3-0-00000-057.cni	3-dmxopl3.zip
19	3	DMXOPL3	Brass-Reed	Tuba	dmxopl3-0-00000-058.cni	3-dmxopl3.zip
20	3	DMXOPL3	Brass-Reed	Muted Trumpet	dmxopl3-0-00000-059.cni	3-dmxopl3.zip
20	3	DMXOPL3	Brass-Reed	French Horn	dmxopl3-0-00000-060.cni	3-dmxopl3.zip
20	3	DMXOPL3	Brass-Reed	Brass Section	dmxopl3-0-00000-061.cni	3-dmxopl3.zip
20	3	DMXOPL3	Brass-Reed	Synth Brass 1	dmxopl3-0-00000-062.cni	3-dmxopl3.zip
20	3	DMXOPL3	Brass-Reed	Synth Brass 2	dmxopl3-0-00000-063.cni	3-dmxopl3.zip
20	3	DMXOPL3	Brass-Reed	Soprano Sax	dmxopl3-0-00000-064.cni	3-dmxopl3.zip
19	3	DMXOPL3	Brass-Reed	Alto Sax	dmxopl3-0-00000-065.cni	3-dmxopl3.zip
19	3	DMXOPL3	Brass-Reed	Tenor Sax	dmxopl3-0-00000-066.cni	3-dmxopl3.zip
19	3	DMXOPL3	Brass-Reed	Baritone Sax	dmxopl3-0-00000-067.cni	3-dmxopl3.zip
20	3	DMXOPL3	Brass-Reed	Oboe	dmxopl3-0-00000-068.cni	3-dmxopl3.zip
20	3	DMXOPL3	Brass-Reed	English Horn	dmxopl3-0-00000-069.cni	3-dmxopl3.zip
19	3	DMXOPL3	Brass-Reed	Bassoon	dmxopl3-0-00000-070.cni	3-dmxopl3.zip
20	3	DMXOPL3	Brass-Reed	Clarinet	dmxopl3-0-00000-071.cni	3-dmxopl3.zip
19	3	DMXOPL3	Brass-Reed	Piccolo	dmxopl3-0-00000-072.cni	3-dmxopl3.zip
19	3	DMXOPL3	Brass-Reed	Flute	dmxopl3-0-00000-073.cni	3-dmxopl3.zip
19	3	DMXOPL3	Brass-Reed	Recorder	dmxopl3-0-00000-074.cni	3-dmxopl3.zip
20	3	DMXOPL3	Brass-Reed	Pan Flute	dmxopl3-0-00000-075.cni	3-dmxopl3.zip
20	3	DMXOPL3	Brass-Reed	Blown Bottle	dmxopl3-0-00000-076.cni	3-dmxopl3.zip
20	3	DMXOPL3	Brass-Reed	Shakuhachi	dmxopl3-0-00000-077.cni	3-dmxopl3.zip
19	3	DMXOPL3	Brass-Reed	Whistle	dmxopl3-0-00000-078.cni	3-dmxopl3.zip
19	3	DMXOPL3	Brass-Reed	Ocarina	dmxopl3-0-00000-079.cni	3-dmxopl3.zip
20	3	DMXOPL3	Lead	Square Lead	dmxopl3-0-00000-080.cni	3-dmxopl3.zip
20	3	DMXOPL3	Lead	Lead 2 (sawtooth)	dmxopl3-0-00000-081.cni	3-dmxopl3.zip
20	3	DMXOPL3	Lead	Lead 3 (calliope)	dmxopl3-0-00000-082.cni	3-dmxopl3.zip
20	3	DMXOPL3	Lead	Lead 4 (chiffer)	dmxopl3-0-00000-083.cni	3-dmxopl3.zip
19	3	DMXOPL3	Lead	Lead 5 (charang)	dmxopl3-0-00000-084.cni	3-dmxopl3.zip
20	3	DMXOPL3	Lead	Lead 6 (Voice)	dmxopl3-0-00000-085.cni	3-dmxopl3.zip
20	3	DMXOPL3	Lead	Lead 7 (5th sawtooth)	dmxopl3-0-00000-086.cni	3-dmxopl3.zip
20	3	DMXOPL3	Lead	Lead 8 (Lead+Bass)	dmxopl3-0-00000-087.cni	3-dmxopl3.zip
20	3	DMXOPL3	Pad	New Age Pad	dmxopl3-0-00000-088.cni	3-dmxopl3.zip
20	3	DMXOPL3	Pad	Pad 2 (warm)	dmxopl3-0-00000-089.cni	3-dmxopl3.zip
20	3	DMXOPL3	Pad	Pad 3 (polysynth)	dmxopl3-0-00000-090.cni	3-dmxopl3.zip
20	3	DMXOPL3	Pad	Pad 4 (choir)	dmxopl3-0-00000-091.cni	3-dmxopl3.zip
20	3	DMXOPL3	Pad	Pad 5 (bowed glass)	dmxopl3-0-00000-092.cni	3-dmxopl3.zip
20	3	DMXOPL3	Pad	Pad 6 (metal)	dmxopl3-0-00000-093.cni	3-dmxopl3.zip
20	3	DMXOPL3	Pad	Halo Pad	dmxopl3-0-00000-094.cni	3-dmxopl3.zip
20	3	DMXOPL3	Pad	Pad 8 (sweep)	dmxopl3-0-00000-095.cni	3-dmxopl3.zip
20	3	DMXOPL3	FX	FX 1 (rain)	dmxopl3-0-00000-096.cni	3-dmxopl3.zip
20	3	DMXOPL3	FX	Soundtrack FX	dmxopl3-0-00000-097.cni	3-dmxopl3.zip
20	3	DMXOPL3	FX	FX 3 (crystal)	dmxopl3-0-00000-098.cni	3-dmxopl3.zip
20	3	DMXOPL3	FX	FX 4 (atmosphere)	dmxopl3-0-00000-099.cni	3-dmxopl3.zip
20	3	DMXOPL3	FX	FX 5 (brightness)	dmxopl3-0-00000-100.cni	3-dmxopl3.zip
20	3	DMXOPL3	FX	FX 6 (goblin)	dmxopl3-0-00000-101.cni	3-dmxopl3.zip
20	3	DMXOPL3	FX	FX 7 (echo drops)	dmxopl3-0-00000-102.cni	3-dmxopl3.zip
20	3	DMXOPL3	FX	* FX 8 (star-theme)	dmxopl3-0-00000-103.cni	3-dmxopl3.zip
20	3	DMXOPL3	Other	Sitar	dmxopl3-0-00000-104.cni	3-dmxopl3.zip
20	3	DMXOPL3	Other	Banjo	dmxopl3-0-00000-105.cni	3-dmxopl3.zip
20	3	DMXOPL3	Other	Shamisen	dmxopl3-0-00000-106.cni	3-dmxopl3.zip
20	3	DMXOPL3	Other	Koto	dmxopl3-0-00000-107.cni	3-dmxopl3.zip
20	3	DMXOPL3	Other	Kalimba	dmxopl3-0-00000-108.cni	3-dmxopl3.zip
20	3	DMXOPL3	Other	Bag Pipe	dmxopl3-0-00000-109.cni	3-dmxopl3.zip
19	3	DMXOPL3	Other	Fiddle	dmxopl3-0-00000-110.cni	3-dmxopl3.zip
19	3	DMXOPL3	Other	Shanai	dmxopl3-0-00000-111.cni	3-dmxopl3.zip
19	3	DMXOPL3	Percussion	Tinkle Bell	dmxopl3-0-00000-112.cni	3-dmxopl3.zip
19	3	DMXOPL3	Percussion	Agogo	dmxopl3-0-00000-113.cni	3-dmxopl3.zip
20	3	DMXOPL3	Percussion	Steel Drums	dmxopl3-0-00000-114.cni	3-dmxopl3.zip
20	3	DMXOPL3	Percussion	Woodblock	dmxopl3-0-00000-115.cni	3-dmxopl3.zip
20	3	DMXOPL3	Percussion	Taiko Drum (new)	dmxopl3-0-00000-116.cni	3-dmxopl3.zip
20	3	DMXOPL3	Percussion	Melodic Tom	dmxopl3-0-00000-117.cni	3-dmxopl3.zip
20	3	DMXOPL3	Percussion	Synth Drum	dmxopl3-0-00000-118.cni	3-dmxopl3.zip
20	3	DMXOPL3	Percussion	Reverse Cymbal	dmxopl3-0-00000-119.cni	3-dmxopl3.zip
20	3	DMXOPL3	FX	Guitar Fret Noise	dmxopl3-0-00000-120.cni	3-dmxopl3.zip
20	3	DMXOPL3	FX	Breath Noise	dmxopl3-0-00000-121.cni	3-dmxopl3.zip
20	3	DMXOPL3	FX	Seashore	dmxopl3-0-00000-122.cni	3-dmxopl3.zip
19	3	DMXOPL3	FX	Bird Tweet	dmxopl3-0-00000-123.cni	3-dmxopl3.zip
20	3	DMXOPL3	FX	Telephone Ring	dmxopl3-0-00000-124.cni	3-dmxopl3.zip
20	3	DMXOPL3	FX	Helicopter	dmxopl3-0-00000-125.cni	3-dmxopl3.zip
20	3	DMXOPL3	FX	Applause	dmxopl3-0-00000-126.cni	3-dmxopl3.zip
20	3	DMXOPL3	FX	Gun Shot	dmxopl3-0-00000-127.cni	3-dmxopl3.zip
20	3	DMXOPL3	Keys	Piano 1w	dmxopl3-0-01024-000.cni	3-dmxopl3.zip
20	3	DMXOPL3	Bell-Mallet	Church Bell	dmxopl3-0-01024-014.cni	3-dmxopl3.zip
20	3	DMXOPL3	Pluck	Hawaiian	dmxopl3-0-01024-024.cni	3-dmxopl3.zip
20	3	DMXOPL3	Pluck	Ukulele	dmxopl3-0-01024-026.cni	3-dmxopl3.zip
20	3	DMXOPL3	Pluck	Feedback Guitar	dmxopl3-0-01024-030.cni	3-dmxopl3.zip
20	3	DMXOPL3	Brass-Reed	Hyper Alto	dmxopl3-0-01024-065.cni	3-dmxopl3.zip
19	3	DMXOPL3	Lead	2600 Sine	dmxopl3-0-01024-080.cni	3-dmxopl3.zip
20	3	DMXOPL3	Keys	European Pf (SC-88)	dmxopl3-0-02048-000.cni	3-dmxopl3.zip
20	3	DMXOPL3	Organ	60's Organ 1	dmxopl3-0-02048-016.cni	3-dmxopl3.zip
20	3	DMXOPL3	Pluck	Nylon Gt.o	dmxopl3-0-02048-024.cni	3-dmxopl3.zip
20	3	DMXOPL3	Pluck	Power Guitar	dmxopl3-0-02048-030.cni	3-dmxopl3.zip
20	3	DMXOPL3	Pad	Pad 2 (warm) (placeholder)	dmxopl3-0-02048-089.cni	3-dmxopl3.zip
20	3	DMXOPL3	Pad	Celestial Pad (SC-88)	dmxopl3-0-01280-095.cni	3-dmxopl3.zip
20	3	DMXOPL3	Bass	Jazz Bass (SC-88)	dmxopl3-0-00256-033.cni	3-dmxopl3.zip
20	3	DMXOPL3	Other	Chamber Strings	dmxopl3-0-00256-048.cni	3-dmxopl3.zip
20	3	DMXOPL3	Brass-Reed	Horn + Orche	dmxopl3-0-00256-060.cni	3-dmxopl3.zip
20	3	DMXOPL3	Brass-Reed	Flute Exp.	dmxopl3-0-00256-073.cni	3-dmxopl3.zip
20	3	DMXOPL3	Other	Cello sect.	dmxopl3-0-00384-048.cni	3-dmxopl3.zip
20	3	DMXOPL3	Other	Velo Strings	dmxopl3-0-03072-048.cni	3-dmxopl3.zip
20	3	DMXOPL3	Other	Bright Str (SC-88 Pro)	dmxopl3-0-00128-048.cni	3-dmxopl3.zip
20	3	DMXOPL3	Organ	Trem. Flute	dmxopl3-0-04096-019.cni	3-dmxopl3.zip
20	3	DMXOPL3	Bass	Fretless Bass (copy for debug)	dmxopl3-0-04096-035.cni	3-dmxopl3.zip
20	3	DMXOPL3	Lead	MG Unison	dmxopl3-0-04352-081.cni	3-dmxopl3.zip
20	3	DMXOPL3	Organ	Ful Organ 5 (SC-8850)	dmxopl3-0-00768-016.cni	3-dmxopl3.zip
19	3	DMXOPL3	Percussion	Percussion 027	dmxopl3-1-00000-027.cni	3-dmxopl3.zip
20	3	DMXOPL3	Percussion	Percussion 028	dmxopl3-1-00000-028.cni	3-dmxopl3.zip
20	3	DMXOPL3	Percussion	Percussion 029	dmxopl3-1-00000-029.cni	3-dmxopl3.zip
20	3	DMXOPL3	Percussion	Percussion 030	dmxopl3-1-00000-030.cni	3-dmxopl3.zip
20	3	DMXOPL3	Percussion	Percussion 031	dmxopl3-1-00000-031.cni	3-dmxopl3.zip
20	3	DMXOPL3	Percussion	Percussion 032	dmxopl3-1-00000-032.cni	3-dmxopl3.zip
20	3	DMXOPL3	Percussion	Percussion 033	dmxopl3-1-00000-033.cni	3-dmxopl3.zip
20	3	DMXOPL3	Percussion	Percussion 034	dmxopl3-1-00000-034.cni	3-dmxopl3.zip
20	3	DMXOPL3	Percussion	Percussion 035	dmxopl3-1-00000-035.cni	3-dmxopl3.zip
20	3	DMXOPL3	Percussion	Electric Bass Drum	dmxopl3-1-00000-036.cni	3-dmxopl3.zip
20	3	DMXOPL3	Percussion	Slide Stick	dmxopl3-1-00000-037.cni	3-dmxopl3.zip
20	3	DMXOPL3	Percussion	Percussion 038	dmxopl3-1-00000-038.cni	3-dmxopl3.zip
20	3	DMXOPL3	Percussion	Percussion 039	dmxopl3-1-00000-039.cni	3-dmxopl3.zip
20	3	DMXOPL3	Percussion	Percussion 040	dmxopl3-1-00000-040.cni	3-dmxopl3.zip
20	3	DMXOPL3	Percussion	Percussion 041	dmxopl3-1-00000-041.cni	3-dmxopl3.zip
20	3	DMXOPL3	Percussion	Closed High-Hat	dmxopl3-1-00000-042.cni	3-dmxopl3.zip
20	3	DMXOPL3	Percussion	Percussion 043	dmxopl3-1-00000-043.cni	3-dmxopl3.zip
19	3	DMXOPL3	Percussion	Pedal High Hat	dmxopl3-1-00000-044.cni	3-dmxopl3.zip
20	3	DMXOPL3	Percussion	Percussion 045	dmxopl3-1-00000-045.cni	3-dmxopl3.zip
20	3	DMXOPL3	Percussion	Open High Hat	dmxopl3-1-00000-046.cni	3-dmxopl3.zip
20	3	DMXOPL3	Percussion	Percussion 047	dmxopl3-1-00000-047.cni	3-dmxopl3.zip
20	3	DMXOPL3	Percussion	Percussion 048	dmxopl3-1-00000-048.cni	3-dmxopl3.zip
20	3	DMXOPL3	Percussion	Crash Cymbal 1	dmxopl3-1-00000-049.cni	3-dmxopl3.zip
20	3	DMXOPL3	Percussion	Percussion 050	dmxopl3-1-00000-050.cni	3-dmxopl3.zip
20	3	DMXOPL3	Percussion	Ride Cymbal 1	dmxopl3-1-00000-051.cni	3-dmxopl3.zip
20	3	DMXOPL3	Percussion	Chinses Cymbal	dmxopl3-1-00000-052.cni	3-dmxopl3.zip
19	3	DMXOPL3	Percussion	Ride Bell	dmxopl3-1-00000-053.cni	3-dmxopl3.zip
20	3	DMXOPL3	Percussion	Tambourine	dmxopl3-1-00000-054.cni	3-dmxopl3.zip
20	3	DMXOPL3	Percussion	Splash Cymbal	dmxopl3-1-00000-055.cni	3-dmxopl3.zip
19	3	DMXOPL3	Percussion	Cowbell	dmxopl3-1-00000-056.cni	3-dmxopl3.zip
20	3	DMXOPL3	Percussion	Crash Cymbal 2	dmxopl3-1-00000-057.cni	3-dmxopl3.zip
20	3	DMXOPL3	Percussion	Vibraslap	dmxopl3-1-00000-058.cni	3-dmxopl3.zip
20	3	DMXOPL3	Percussion	Ride Cymbal 2	dmxopl3-1-00000-059.cni	3-dmxopl3.zip
20	3	DMXOPL3	Percussion	High Bongo (New)	dmxopl3-1-00000-060.cni	3-dmxopl3.zip
20	3	DMXOPL3	Percussion	Low Bongo (New)	dmxopl3-1-00000-061.cni	3-dmxopl3.zip
20	3	DMXOPL3	Percussion	Mute high conga (New)	dmxopl3-1-00000-062.cni	3-dmxopl3.zip
20	3	DMXOPL3	Percussion	Open High Conga (New)	dmxopl3-1-00000-063.cni	3-dmxopl3.zip
20	3	DMXOPL3	Percussion	Low Conga (New)	dmxopl3-1-00000-064.cni	3-dmxopl3.zip
20	3	DMXOPL3	Percussion	High Timbale	dmxopl3-1-00000-065.cni	3-dmxopl3.zip
20	3	DMXOPL3	Percussion	Low Timbale	dmxopl3-1-00000-066.cni	3-dmxopl3.zip
20	3	DMXOPL3	Percussion	High Agogo	dmxopl3-1-00000-067.cni	3-dmxopl3.zip
20	3	DMXOPL3	Percussion	Low Agogo	dmxopl3-1-00000-068.cni	3-dmxopl3.zip
19	3	DMXOPL3	Percussion	Cabasa	dmxopl3-1-00000-069.cni	3-dmxopl3.zip
19	3	DMXOPL3	Percussion	Maracas	dmxopl3-1-00000-070.cni	3-dmxopl3.zip
19	3	DMXOPL3	Percussion	Short Whistle	dmxopl3-1-00000-071.cni	3-dmxopl3.zip
19	3	DMXOPL3	Percussion	Long Whistle	dmxopl3-1-00000-072.cni	3-dmxopl3.zip
20	3	DMXOPL3	Percussion	Percussion 073	dmxopl3-1-00000-073.cni	3-dmxopl3.zip
20	3	DMXOPL3	Percussion	Percussion 074	dmxopl3-1-00000-074.cni	3-dmxopl3.zip
19	3	DMXOPL3	Percussion	Claves	dmxopl3-1-00000-075.cni	3-dmxopl3.zip
20	3	DMXOPL3	Percussion	High Wood Block	dmxopl3-1-00000-076.cni	3-dmxopl3.zip
19	3	DMXOPL3	Percussion	Low Wood Block	dmxopl3-1-00000-077.cni	3-dmxopl3.zip
20	3	DMXOPL3	Percussion	Mute Cuica	dmxopl3-1-00000-078.cni	3-dmxopl3.zip
20	3	DMXOPL3	Percussion	Open Cuica	dmxopl3-1-00000-079.cni	3-dmxopl3.zip
19	3	DMXOPL3	Percussion	Mute Triangle	dmxopl3-1-00000-080.cni	3-dmxopl3.zip
19	3	DMXOPL3	Percussion	Open Triangle	dmxopl3-1-00000-081.cni	3-dmxopl3.zip
20	3	DMXOPL3	Percussion	(GS & XG) Shaker	dmxopl3-1-00000-082.cni	3-dmxopl3.zip
20	3	DMXOPL3	Percussion	(GS & XG) Jingle Bells	dmxopl3-1-00000-083.cni	3-dmxopl3.zip
20	3	DMXOPL3	Percussion	Percussion 084	dmxopl3-1-00000-084.cni	3-dmxopl3.zip
19	3	DMXOPL3	Percussion	Percussion 085	dmxopl3-1-00000-085.cni	3-dmxopl3.zip
20	3	DMXOPL3	Percussion	Percussion 086	dmxopl3-1-00000-086.cni	3-dmxopl3.zip
20	3	DMXOPL3	Percussion	Percussion 087	dmxopl3-1-00000-087.cni	3-dmxopl3.zip
19	3	DMXOPL3	Percussion	Percussion 027	dmxopl3-1-00016-027.cni	3-dmxopl3.zip
20	3	DMXOPL3	Percussion	Percussion 028	dmxopl3-1-00016-028.cni	3-dmxopl3.zip
20	3	DMXOPL3	Percussion	Percussion 029	dmxopl3-1-00016-029.cni	3-dmxopl3.zip
20	3	DMXOPL3	Percussion	Percussion 030	dmxopl3-1-00016-030.cni	3-dmxopl3.zip
20	3	DMXOPL3	Percussion	Percussion 031	dmxopl3-1-00016-031.cni	3-dmxopl3.zip
20	3	DMXOPL3	Percussion	Percussion 032	dmxopl3-1-00016-032.cni	3-dmxopl3.zip
20	3	DMXOPL3	Percussion	Percussion 033	dmxopl3-1-00016-033.cni	3-dmxopl3.zip
20	3	DMXOPL3	Percussion	Percussion 034	dmxopl3-1-00016-034.cni	3-dmxopl3.zip
20	3	DMXOPL3	Percussion	Percussion 035	dmxopl3-1-00016-035.cni	3-dmxopl3.zip
20	3	DMXOPL3	Percussion	Electric Bass Drum	dmxopl3-1-00016-036.cni	3-dmxopl3.zip
20	3	DMXOPL3	Percussion	Slide Stick	dmxopl3-1-00016-037.cni	3-dmxopl3.zip
20	3	DMXOPL3	Percussion	Power Kit Snare 1	dmxopl3-1-00016-038.cni	3-dmxopl3.zip
20	3	DMXOPL3	Percussion	Percussion 039	dmxopl3-1-00016-039.cni	3-dmxopl3.zip
20	3	DMXOPL3	Percussion	Percussion 040	dmxopl3-1-00016-040.cni	3-dmxopl3.zip
20	3	DMXOPL3	Percussion	Percussion 041	dmxopl3-1-00016-041.cni	3-dmxopl3.zip
20	3	DMXOPL3	Percussion	Closed High-Hat	dmxopl3-1-00016-042.cni	3-dmxopl3.zip
20	3	DMXOPL3	Percussion	Percussion 043	dmxopl3-1-00016-043.cni	3-dmxopl3.zip
19	3	DMXOPL3	Percussion	Pedal High Hat	dmxopl3-1-00016-044.cni	3-dmxopl3.zip
20	3	DMXOPL3	Percussion	Percussion 045	dmxopl3-1-00016-045.cni	3-dmxopl3.zip
20	3	DMXOPL3	Percussion	Open High Hat	dmxopl3-1-00016-046.cni	3-dmxopl3.zip
20	3	DMXOPL3	Percussion	Percussion 047	dmxopl3-1-00016-047.cni	3-dmxopl3.zip
20	3	DMXOPL3	Percussion	Percussion 048	dmxopl3-1-00016-048.cni	3-dmxopl3.zip
20	3	DMXOPL3	Percussion	Crash Cymbal 1	dmxopl3-1-00016-049.cni	3-dmxopl3.zip
20	3	DMXOPL3	Percussion	Percussion 050	dmxopl3-1-00016-050.cni	3-dmxopl3.zip
20	3	DMXOPL3	Percussion	Ride Cymbal 1	dmxopl3-1-00016-051.cni	3-dmxopl3.zip
20	3	DMXOPL3	Percussion	Chinses Cymbal	dmxopl3-1-00016-052.cni	3-dmxopl3.zip
19	3	DMXOPL3	Percussion	Ride Bell	dmxopl3-1-00016-053.cni	3-dmxopl3.zip
20	3	DMXOPL3	Percussion	Tambourine	dmxopl3-1-00016-054.cni	3-dmxopl3.zip
20	3	DMXOPL3	Percussion	Splash Cymbal	dmxopl3-1-00016-055.cni	3-dmxopl3.zip
19	3	DMXOPL3	Percussion	Cowbell	dmxopl3-1-00016-056.cni	3-dmxopl3.zip
20	3	DMXOPL3	Percussion	Crash Cymbal 2	dmxopl3-1-00016-057.cni	3-dmxopl3.zip
20	3	DMXOPL3	Percussion	Vibraslap	dmxopl3-1-00016-058.cni	3-dmxopl3.zip
19	3	DMXOPL3	Percussion	Ride Cymbal 2	dmxopl3-1-00016-059.cni	3-dmxopl3.zip
20	3	DMXOPL3	Percussion	High Bongo (New)	dmxopl3-1-00016-060.cni	3-dmxopl3.zip
20	3	DMXOPL3	Percussion	Low Bongo (New)	dmxopl3-1-00016-061.cni	3-dmxopl3.zip
20	3	DMXOPL3	Percussion	Mute high conga (New)	dmxopl3-1-00016-062.cni	3-dmxopl3.zip
20	3	DMXOPL3	Percussion	Open High Conga (New)	dmxopl3-1-00016-063.cni	3-dmxopl3.zip
20	3	DMXOPL3	Percussion	Low Conga (New)	dmxopl3-1-00016-064.cni	3-dmxopl3.zip
20	3	DMXOPL3	Percussion	High Timbale	dmxopl3-1-00016-065.cni	3-dmxopl3.zip
20	3	DMXOPL3	Percussion	Low Timbale	dmxopl3-1-00016-066.cni	3-dmxopl3.zip
20	3	DMXOPL3	Percussion	High Agogo	dmxopl3-1-00016-067.cni	3-dmxopl3.zip
20	3	DMXOPL3	Percussion	Low Agogo	dmxopl3-1-00016-068.cni	3-dmxopl3.zip
19	3	DMXOPL3	Percussion	Cabasa	dmxopl3-1-00016-069.cni	3-dmxopl3.zip
19	3	DMXOPL3	Percussion	Maracas	dmxopl3-1-00016-070.cni	3-dmxopl3.zip
19	3	DMXOPL3	Percussion	Short Whistle	dmxopl3-1-00016-071.cni	3-dmxopl3.zip
19	3	DMXOPL3	Percussion	Long Whistle	dmxopl3-1-00016-072.cni	3-dmxopl3.zip
20	3	DMXOPL3	Percussion	Percussion 073	dmxopl3-1-00016-073.cni	3-dmxopl3.zip
20	3	DMXOPL3	Percussion	Percussion 074	dmxopl3-1-00016-074.cni	3-dmxopl3.zip
19	3	DMXOPL3	Percussion	Claves	dmxopl3-1-00016-075.cni	3-dmxopl3.zip
20	3	DMXOPL3	Percussion	High Wood Block	dmxopl3-1-00016-076.cni	3-dmxopl3.zip
19	3	DMXOPL3	Percussion	Low Wood Block	dmxopl3-1-00016-077.cni	3-dmxopl3.zip
20	3	DMXOPL3	Percussion	Mute Cuica	dmxopl3-1-00016-078.cni	3-dmxopl3.zip
20	3	DMXOPL3	Percussion	Open Cuica	dmxopl3-1-00016-079.cni	3-dmxopl3.zip
19	3	DMXOPL3	Percussion	Mute Triangle	dmxopl3-1-00016-080.cni	3-dmxopl3.zip
19	3	DMXOPL3	Percussion	Open Triangle	dmxopl3-1-00016-081.cni	3-dmxopl3.zip
20	3	DMXOPL3	Percussion	(GS & XG) Shaker	dmxopl3-1-00016-082.cni	3-dmxopl3.zip
20	3	DMXOPL3	Percussion	(GS & XG) Jingle Bells	dmxopl3-1-00016-083.cni	3-dmxopl3.zip
20	3	DMXOPL3	Percussion	Percussion 084	dmxopl3-1-00016-084.cni	3-dmxopl3.zip
19	3	DMXOPL3	Percussion	Percussion 085	dmxopl3-1-00016-085.cni	3-dmxopl3.zip
20	3	DMXOPL3	Percussion	Percussion 086	dmxopl3-1-00016-086.cni	3-dmxopl3.zip
20	3	DMXOPL3	Percussion	Percussion 087	dmxopl3-1-00016-087.cni	3-dmxopl3.zip
19	3	DMXOPL3	Percussion	Percussion 027	dmxopl3-1-00025-027.cni	3-dmxopl3.zip
20	3	DMXOPL3	Percussion	Percussion 028	dmxopl3-1-00025-028.cni	3-dmxopl3.zip
20	3	DMXOPL3	Percussion	Percussion 029	dmxopl3-1-00025-029.cni	3-dmxopl3.zip
20	3	DMXOPL3	Percussion	Percussion 030	dmxopl3-1-00025-030.cni	3-dmxopl3.zip
20	3	DMXOPL3	Percussion	Percussion 031	dmxopl3-1-00025-031.cni	3-dmxopl3.zip
20	3	DMXOPL3	Percussion	Percussion 032	dmxopl3-1-00025-032.cni	3-dmxopl3.zip
20	3	DMXOPL3	Percussion	Percussion 033	dmxopl3-1-00025-033.cni	3-dmxopl3.zip
20	3	DMXOPL3	Percussion	Percussion 034	dmxopl3-1-00025-034.cni	3-dmxopl3.zip
20	3	DMXOPL3	Percussion	Percussion 035	dmxopl3-1-00025-035.cni	3-dmxopl3.zip
20	3	DMXOPL3	Percussion	Electric Bass Drum	dmxopl3-1-00025-036.cni	3-dmxopl3.zip
20	3	DMXOPL3	Percussion	Slide Stick	dmxopl3-1-00025-037.cni	3-dmxopl3.zip
20	3	DMXOPL3	Percussion	Percussion 038	dmxopl3-1-00025-038.cni	3-dmxopl3.zip
20	3	DMXOPL3	Percussion	Percussion 039	dmxopl3-1-00025-039.cni	3-dmxopl3.zip
20	3	DMXOPL3	Percussion	Percussion 040	dmxopl3-1-00025-040.cni	3-dmxopl3.zip
20	3	DMXOPL3	Percussion	Percussion 041	dmxopl3-1-00025-041.cni	3-dmxopl3.zip
20	3	DMXOPL3	Percussion	Closed High-Hat	dmxopl3-1-00025-042.cni	3-dmxopl3.zip
20	3	DMXOPL3	Percussion	Percussion 043	dmxopl3-1-00025-043.cni	3-dmxopl3.zip
19	3	DMXOPL3	Percussion	Pedal High Hat	dmxopl3-1-00025-044.cni	3-dmxopl3.zip
20	3	DMXOPL3	Percussion	Percussion 045	dmxopl3-1-00025-045.cni	3-dmxopl3.zip
20	3	DMXOPL3	Percussion	Open High-Hat	dmxopl3-1-00025-046.cni	3-dmxopl3.zip
20	3	DMXOPL3	Percussion	Percussion 047	dmxopl3-1-00025-047.cni	3-dmxopl3.zip
20	3	DMXOPL3	Percussion	Percussion 048	dmxopl3-1-00025-048.cni	3-dmxopl3.zip
20	3	DMXOPL3	Percussion	Crash Cymbal 1	dmxopl3-1-00025-049.cni	3-dmxopl3.zip
20	3	DMXOPL3	Percussion	Percussion 050	dmxopl3-1-00025-050.cni	3-dmxopl3.zip
20	3	DMXOPL3	Percussion	Ride Cymbal 1	dmxopl3-1-00025-051.cni	3-dmxopl3.zip
20	3	DMXOPL3	Percussion	Chinses Cymbal	dmxopl3-1-00025-052.cni	3-dmxopl3.zip
19	3	DMXOPL3	Percussion	Ride Bell	dmxopl3-1-00025-053.cni	3-dmxopl3.zip
20	3	DMXOPL3	Percussion	Tambourine	dmxopl3-1-00025-054.cni	3-dmxopl3.zip
20	3	DMXOPL3	Percussion	Splash Cymbal	dmxopl3-1-00025-055.cni	3-dmxopl3.zip
20	3	DMXOPL3	Percussion	Cowbell (TR-808)	dmxopl3-1-00025-056.cni	3-dmxopl3.zip
20	3	DMXOPL3	Percussion	Crash Cymbal 2	dmxopl3-1-00025-057.cni	3-dmxopl3.zip
20	3	DMXOPL3	Percussion	Vibraslap	dmxopl3-1-00025-058.cni	3-dmxopl3.zip
19	3	DMXOPL3	Percussion	Ride Cymbal 2	dmxopl3-1-00025-059.cni	3-dmxopl3.zip
20	3	DMXOPL3	Percussion	High Bongo (New)	dmxopl3-1-00025-060.cni	3-dmxopl3.zip
20	3	DMXOPL3	Percussion	Low Bongo (New)	dmxopl3-1-00025-061.cni	3-dmxopl3.zip
20	3	DMXOPL3	Percussion	Mute high conga (New)	dmxopl3-1-00025-062.cni	3-dmxopl3.zip
20	3	DMXOPL3	Percussion	Open High Conga (New)	dmxopl3-1-00025-063.cni	3-dmxopl3.zip
20	3	DMXOPL3	Percussion	Low Conga (New)	dmxopl3-1-00025-064.cni	3-dmxopl3.zip
20	3	DMXOPL3	Percussion	High Timbale	dmxopl3-1-00025-065.cni	3-dmxopl3.zip
20	3	DMXOPL3	Percussion	Low Timbale	dmxopl3-1-00025-066.cni	3-dmxopl3.zip
20	3	DMXOPL3	Percussion	High Agogo	dmxopl3-1-00025-067.cni	3-dmxopl3.zip
20	3	DMXOPL3	Percussion	Low Agogo	dmxopl3-1-00025-068.cni	3-dmxopl3.zip
19	3	DMXOPL3	Percussion	Cabasa	dmxopl3-1-00025-069.cni	3-dmxopl3.zip
19	3	DMXOPL3	Percussion	Maracas	dmxopl3-1-00025-070.cni	3-dmxopl3.zip
19	3	DMXOPL3	Percussion	Short Whistle	dmxopl3-1-00025-071.cni	3-dmxopl3.zip
19	3	DMXOPL3	Percussion	Long Whistle	dmxopl3-1-00025-072.cni	3-dmxopl3.zip
20	3	DMXOPL3	Percussion	Percussion 073	dmxopl3-1-00025-073.cni	3-dmxopl3.zip
20	3	DMXOPL3	Percussion	Percussion 074	dmxopl3-1-00025-074.cni	3-dmxopl3.zip
19	3	DMXOPL3	Percussion	Claves	dmxopl3-1-00025-075.cni	3-dmxopl3.zip
20	3	DMXOPL3	Percussion	High Wood Block	dmxopl3-1-00025-076.cni	3-dmxopl3.zip
19	3	DMXOPL3	Percussion	Low Wood Block	dmxopl3-1-00025-077.cni	3-dmxopl3.zip
20	3	DMXOPL3	Percussion	Mute Cuica	dmxopl3-1-00025-078.cni	3-dmxopl3.zip
20	3	DMXOPL3	Percussion	Open Cuica	dmxopl3-1-00025-079.cni	3-dmxopl3.zip
19	3	DMXOPL3	Percussion	Mute Triangle	dmxopl3-1-00025-080.cni	3-dmxopl3.zip
19	3	DMXOPL3	Percussion	Open Triangle	dmxopl3-1-00025-081.cni	3-dmxopl3.zip
20	3	DMXOPL3	Percussion	(GS & XG) Shaker	dmxopl3-1-00025-082.cni	3-dmxopl3.zip
20	3	DMXOPL3	Percussion	(GS & XG) Jingle Bells	dmxopl3-1-00025-083.cni	3-dmxopl3.zip
20	3	DMXOPL3	Percussion	Percussion 084	dmxopl3-1-00025-084.cni	3-dmxopl3.zip
19	3	DMXOPL3	Percussion	Percussion 085	dmxopl3-1-00025-085.cni	3-dmxopl3.zip
20	3	DMXOPL3	Percussion	Percussion 086	dmxopl3-1-00025-086.cni	3-dmxopl3.zip
20	3	DMXOPL3	Percussion	Percussion 087	dmxopl3-1-00025-087.cni	3-dmxopl3.zip
24	101	OpenDX7 Originals	Electric Piano	Elec Piano 1	dx7-6158177464e010fd8f4893aa.cni	101-opendx7-originals.zip
24	101	OpenDX7 Originals	Electric Piano	Elec Piano 2	dx7-43d4f4b185f1d016c123c726.cni	101-opendx7-originals.zip
24	101	OpenDX7 Originals	Bass	FM Bass	dx7-2d4ed252ff8bd817ce831e58.cni	101-opendx7-originals.zip
24	101	OpenDX7 Originals	Bass	Synth Bass	dx7-cd59238b81c68a3bdc64f5d3.cni	101-opendx7-originals.zip
24	101	OpenDX7 Originals	Bell-Mallet	Bright Bell	dx7-0e259fa61a58a5634d371390.cni	101-opendx7-originals.zip
24	101	OpenDX7 Originals	Bell-Mallet	Tubular Bell	dx7-d86066bda99be8d6532e51e9.cni	101-opendx7-originals.zip
24	101	OpenDX7 Originals	Brass-Wind	FM Brass	dx7-f1afe1d091d63b8421760c2b.cni	101-opendx7-originals.zip
24	101	OpenDX7 Originals	Brass-Wind	Soft Brass	dx7-a65fd4c315b7f086b82bbd49.cni	101-opendx7-originals.zip
24	101	OpenDX7 Originals	Pad	String Pad	dx7-6f52bacabbefa0e6ddfed46b.cni	101-opendx7-originals.zip
24	101	OpenDX7 Originals	Pad	Warm Strings	dx7-260bdcdd1ab68b4e88e0404f.cni	101-opendx7-originals.zip
24	101	OpenDX7 Originals	Organ	Drawbar Organ	dx7-e20cdd395eb4e21c362e4ff1.cni	101-opendx7-originals.zip
24	101	OpenDX7 Originals	Organ	Perc Organ	dx7-e07b455688d822573d72cefc.cni	101-opendx7-originals.zip
24	101	OpenDX7 Originals	Keys	Pluck Key	dx7-284014b49fbd99fff0d64d69.cni	101-opendx7-originals.zip
24	101	OpenDX7 Originals	Bell-Mallet	Mallet Hit	dx7-35cfb882790ad6b1a828ea5d.cni	101-opendx7-originals.zip
24	101	OpenDX7 Originals	Bell-Mallet	Soft Mallet	dx7-3c56555577c34354eec887f9.cni	101-opendx7-originals.zip
24	101	OpenDX7 Originals	Bell-Mallet	Tremolo Bell	dx7-a7d0676d2b753163a43afdc4.cni	101-opendx7-originals.zip
24	101	OpenDX7 Originals	Brass-Wind	Flute Tone	dx7-463fa61b6a043f5c6f2f3be6.cni	101-opendx7-originals.zip
24	101	OpenDX7 Originals	Brass-Wind	Reed Pipe	dx7-019db9e0d047ba9d14b86fbf.cni	101-opendx7-originals.zip
24	101	OpenDX7 Originals	Lead	Synth Lead	dx7-e3aa90d8976eefb386a319e0.cni	101-opendx7-originals.zip
24	101	OpenDX7 Originals	Lead	Bright Lead	dx7-f7224942b5218d3f85547ed3.cni	101-opendx7-originals.zip
24	101	OpenDX7 Originals	Pad	Glass Pad	dx7-c8c99c5c0edb7a9a9f5a3332.cni	101-opendx7-originals.zip
24	101	OpenDX7 Originals	Pad	Shimmer Pad	dx7-d06d69dea469a0eae3b86f33.cni	101-opendx7-originals.zip
24	101	OpenDX7 Originals	Keys	Harpsichord	dx7-e8668b7fab22a639deabf0de.cni	101-opendx7-originals.zip
24	101	OpenDX7 Originals	Keys	Clavinet	dx7-b5f9a633a3f169022b91fe0a.cni	101-opendx7-originals.zip
24	101	OpenDX7 Originals	Percussion	Metallic Hit	dx7-ae1d16e946d0340aaa69f69c.cni	101-opendx7-originals.zip
24	101	OpenDX7 Originals	Pad	Choir Pad	dx7-230d4d27311e503197da0dda.cni	101-opendx7-originals.zip
24	101	OpenDX7 Originals	Bass	Deep Sub Bass	dx7-085bda3a22e1e9cee5714bd8.cni	101-opendx7-originals.zip
24	101	OpenDX7 Originals	Bass	Pluck Bass	dx7-90b5a0e40c102f04ccda3b7d.cni	101-opendx7-originals.zip
24	101	OpenDX7 Originals	Keys	Crystal Keys	dx7-f355d1b0f5445341d76080dd.cni	101-opendx7-originals.zip
24	101	OpenDX7 Originals	Pad	Warm Pad	dx7-5dcbd4b0bba4b4a63f0ddc52.cni	101-opendx7-originals.zip
24	101	OpenDX7 Originals	Lead	Sync Lead	dx7-3504d8f5e5b26f3e17d464e3.cni	101-opendx7-originals.zip
24	102	YSE Originals	Unsorted	YSE SINE 0	dx7-2e62571db3bee2ffd2669862.cni	102-yse-originals.zip
24	102	YSE Originals	Unsorted	YSE FM2OP	dx7-b2df13005fb1e76ccbe09dcc.cni	102-yse-originals.zip
24	102	YSE Originals	Unsorted	YSE BELL 0	dx7-58cd81bc1735968d22da4c44.cni	102-yse-originals.zip
24	102	YSE Originals	Unsorted	YSE BRASS	dx7-d85e05f7dff128610e3ac84d.cni	102-yse-originals.zip
24	103	ChooChoo DX7 Originals	Keys	Felt Hammer	dx7-354cc74709ecccd6ce235813.cni	103-choochoo-dx7-originals.zip
24	103	ChooChoo DX7 Originals	Keys	Wire Harp	dx7-59475013d782a2f166467341.cni	103-choochoo-dx7-originals.zip
24	103	ChooChoo DX7 Originals	Keys	Muted Clav	dx7-7c9268637cb821bbfb8c16ab.cni	103-choochoo-dx7-originals.zip
24	103	ChooChoo DX7 Originals	Electric Piano	Celadon EP	dx7-eaf6e205a574f00e71a2cbd8.cni	103-choochoo-dx7-originals.zip
24	103	ChooChoo DX7 Originals	Electric Piano	Reed EP	dx7-a8949fe8c28807d2052ad627.cni	103-choochoo-dx7-originals.zip
24	103	ChooChoo DX7 Originals	Bass	Moss Bass	dx7-430c801e7f9e88d25e8a28c0.cni	103-choochoo-dx7-originals.zip
24	103	ChooChoo DX7 Originals	Bass	Pick Sub	dx7-ef4fd6422129e6ab9d8f17a6.cni	103-choochoo-dx7-originals.zip
24	103	ChooChoo DX7 Originals	Bass	Rubber Bass	dx7-cfb38388dca8010a35171dbd.cni	103-choochoo-dx7-originals.zip
24	103	ChooChoo DX7 Originals	Bass	Hollow Fifth	dx7-a37107690d3ecf66cf58c465.cni	103-choochoo-dx7-originals.zip
24	103	ChooChoo DX7 Originals	Lead	Copper Lead	dx7-4545e08c5efcba4c937b4025.cni	103-choochoo-dx7-originals.zip
24	103	ChooChoo DX7 Originals	Lead	Whistle Glide	dx7-c106cd76cad13f43b259564b.cni	103-choochoo-dx7-originals.zip
24	103	ChooChoo DX7 Originals	Lead	Nasal Solo	dx7-f86f8b5d49840fa1df2069e3.cni	103-choochoo-dx7-originals.zip
24	103	ChooChoo DX7 Originals	Lead	Cracked Square	dx7-72e9067a8863f440634b5cd0.cni	103-choochoo-dx7-originals.zip
24	103	ChooChoo DX7 Originals	Pad	Cloud Loom	dx7-dc268eb7ab649b07472b53fa.cni	103-choochoo-dx7-originals.zip
24	103	ChooChoo DX7 Originals	Pad	Glass Horizon	dx7-8b448aa8f27f5eb57679eb4c.cni	103-choochoo-dx7-originals.zip
24	103	ChooChoo DX7 Originals	Pad	Breathing Choir	dx7-25629585e134700d22da9ae4.cni	103-choochoo-dx7-originals.zip
24	103	ChooChoo DX7 Originals	Pad	Night Current	dx7-955494a141de8d5496f66bf0.cni	103-choochoo-dx7-originals.zip
24	103	ChooChoo DX7 Originals	Bell-Mallet	Bronze Cup	dx7-f10188d288a79ed3abe48597.cni	103-choochoo-dx7-originals.zip
24	103	ChooChoo DX7 Originals	Bell-Mallet	Rosewood Bars	dx7-88e5fb6ec714c240e0540393.cni	103-choochoo-dx7-originals.zip
24	103	ChooChoo DX7 Originals	Bell-Mallet	Ice Pendulum	dx7-327f916dc8bca9c36adfb763.cni	103-choochoo-dx7-originals.zip
24	103	ChooChoo DX7 Originals	Bell-Mallet	Water Drops	dx7-39a80716c81936f30bd32bed.cni	103-choochoo-dx7-originals.zip
24	103	ChooChoo DX7 Originals	Organ	Chapel Pipes	dx7-e32d67ffe3eab1c9ae83a540.cni	103-choochoo-dx7-originals.zip
24	103	ChooChoo DX7 Originals	Organ	Combo Reeds	dx7-7ce4e7b335158dbc96e30008.cni	103-choochoo-dx7-originals.zip
24	103	ChooChoo DX7 Originals	Brass-Wind	Breath Flute	dx7-c69a0adc5d41186835897f0f.cni	103-choochoo-dx7-originals.zip
24	103	ChooChoo DX7 Originals	Brass-Wind	Low Horns	dx7-ad847b114b727b7eb2961d15.cni	103-choochoo-dx7-originals.zip
24	103	ChooChoo DX7 Originals	Brass-Wind	Oboe Lantern	dx7-31332a9c0f3b2d1985510098.cni	103-choochoo-dx7-originals.zip
24	103	ChooChoo DX7 Originals	Percussion	FM Low Tom	dx7-0c17f6f75ba7674fd2550340.cni	103-choochoo-dx7-originals.zip
24	103	ChooChoo DX7 Originals	Percussion	Tin Snare	dx7-03738155ddf306ce0a2cbe14.cni	103-choochoo-dx7-originals.zip
24	103	ChooChoo DX7 Originals	Percussion	Copper Shaker	dx7-78c07716a9cde3fd5c5f764b.cni	103-choochoo-dx7-originals.zip
24	103	ChooChoo DX7 Originals	FX	Relay Chatter	dx7-4b2d94eb36dd6fc268ed1917.cni	103-choochoo-dx7-originals.zip
24	103	ChooChoo DX7 Originals	FX	Falling Metal	dx7-5e0ee32b0aeb4883a6e0f108.cni	103-choochoo-dx7-originals.zip
24	103	ChooChoo DX7 Originals	FX	Beacon Pair	dx7-3b24b51a08076dcce15e414a.cni	103-choochoo-dx7-originals.zip
25	200	ChooChoo Genesis	Keys	Twin Reed	four-op-25-a973239a215eb6e73023aeca.cni	200-choochoo-genesis.zip
25	200	ChooChoo Genesis	Keys	Felt Pluck	four-op-25-6e86a43a75e2b54bc0e5ae40.cni	200-choochoo-genesis.zip
25	200	ChooChoo Genesis	Keys	Wire Clav	four-op-25-37135cf2ecc1224a4e836a4a.cni	200-choochoo-genesis.zip
25	200	ChooChoo Genesis	Electric Piano	Copper Tines	four-op-25-de2593c99f35e338e938ac25.cni	200-choochoo-genesis.zip
25	200	ChooChoo Genesis	Electric Piano	Soft Reed EP	four-op-25-85e59787aa9152c1ef5a5868.cni	200-choochoo-genesis.zip
25	200	ChooChoo Genesis	Electric Piano	Hollow EP	four-op-25-cc52406e47a015376d3bb71d.cni	200-choochoo-genesis.zip
25	200	ChooChoo Genesis	Bass	Round Sub	four-op-25-b20e1075b4f460fb1c731fb0.cni	200-choochoo-genesis.zip
25	200	ChooChoo Genesis	Bass	Pick Bass	four-op-25-fc399b8705b19f3bf9834a44.cni	200-choochoo-genesis.zip
25	200	ChooChoo Genesis	Bass	Rubber Root	four-op-25-621b7712eb2fbfd942580078.cni	200-choochoo-genesis.zip
25	200	ChooChoo Genesis	Lead	Copper Solo	four-op-25-efe8ca3492ab4b18c1a70ae5.cni	200-choochoo-genesis.zip
25	200	ChooChoo Genesis	Lead	Hollow Square	four-op-25-e43cd950c3967131fc7ebd43.cni	200-choochoo-genesis.zip
25	200	ChooChoo Genesis	Lead	Thin Whistle	four-op-25-6b7f8034ec71ff9016e36bd6.cni	200-choochoo-genesis.zip
25	200	ChooChoo Genesis	Pad	Cloud Pair	four-op-25-593895637c90004fd749a5f8.cni	200-choochoo-genesis.zip
25	200	ChooChoo Genesis	Pad	Fifth Mist	four-op-25-64525bc4894dabfdbf2d1e42.cni	200-choochoo-genesis.zip
25	200	ChooChoo Genesis	Pad	Slow Glass	four-op-25-327a4f2df1166c9733831c1c.cni	200-choochoo-genesis.zip
25	200	ChooChoo Genesis	Bell-Mallet	Bronze Bell	four-op-25-7cf490a208f525f773c5a5e8.cni	200-choochoo-genesis.zip
25	200	ChooChoo Genesis	Bell-Mallet	Wood Bars	four-op-25-5425996969f84106e11b8cf9.cni	200-choochoo-genesis.zip
25	200	ChooChoo Genesis	Bell-Mallet	Ice Chime	four-op-25-c84b38de7b5599cfc720792a.cni	200-choochoo-genesis.zip
25	200	ChooChoo Genesis	Organ	Small Pipes	four-op-25-e67f6ada41b52b08246d6b5d.cni	200-choochoo-genesis.zip
25	200	ChooChoo Genesis	Organ	Reed Combo	four-op-25-3c6196f593feec27aa0a6b2c.cni	200-choochoo-genesis.zip
25	200	ChooChoo Genesis	Brass-Wind	Horn Pair	four-op-25-58deb7e800b2a5e092a30a0e.cni	200-choochoo-genesis.zip
25	200	ChooChoo Genesis	Percussion	Low Tom	four-op-25-9e5033939edf8050cee841d1.cni	200-choochoo-genesis.zip
25	200	ChooChoo Genesis	Percussion	Metal Click	four-op-25-bf1c563799f65438baf1be2c.cni	200-choochoo-genesis.zip
25	200	ChooChoo Genesis	FX	Relay Storm	four-op-25-1bd290e1ea30ba8351bfd3e9.cni	200-choochoo-genesis.zip
26	201	ChooChoo Arcade	Keys	Twin Reed	four-op-26-8f494c1aef5ed5b12ce16532.cni	201-choochoo-arcade.zip
26	201	ChooChoo Arcade	Keys	Felt Pluck	four-op-26-7ab50a5fba58d0919adebdc3.cni	201-choochoo-arcade.zip
26	201	ChooChoo Arcade	Keys	Wire Clav	four-op-26-793d20d6bddf68aa27769c19.cni	201-choochoo-arcade.zip
26	201	ChooChoo Arcade	Electric Piano	Copper Tines	four-op-26-dd71474c4c0eaf6d73d88a04.cni	201-choochoo-arcade.zip
26	201	ChooChoo Arcade	Electric Piano	Soft Reed EP	four-op-26-196057e5fd3b3011cc95aca9.cni	201-choochoo-arcade.zip
26	201	ChooChoo Arcade	Electric Piano	Hollow EP	four-op-26-3bc58da07c457e0c9562cec4.cni	201-choochoo-arcade.zip
26	201	ChooChoo Arcade	Bass	Round Sub	four-op-26-0fd5944d2eba5674d515e2e7.cni	201-choochoo-arcade.zip
26	201	ChooChoo Arcade	Bass	Pick Bass	four-op-26-60c8ce112d72c013ca14ae8f.cni	201-choochoo-arcade.zip
26	201	ChooChoo Arcade	Bass	Rubber Root	four-op-26-cef824149bd59e00259b82dd.cni	201-choochoo-arcade.zip
26	201	ChooChoo Arcade	Lead	Copper Solo	four-op-26-04777794d03540487528dfbc.cni	201-choochoo-arcade.zip
26	201	ChooChoo Arcade	Lead	Hollow Square	four-op-26-dc8ace5c79e9fe7ad1471821.cni	201-choochoo-arcade.zip
26	201	ChooChoo Arcade	Lead	Thin Whistle	four-op-26-f247b47f1cd694d1d9366f12.cni	201-choochoo-arcade.zip
26	201	ChooChoo Arcade	Pad	Cloud Pair	four-op-26-af779b098ce72cb781453247.cni	201-choochoo-arcade.zip
26	201	ChooChoo Arcade	Pad	Fifth Mist	four-op-26-a7050f5de9755006b8f21df2.cni	201-choochoo-arcade.zip
26	201	ChooChoo Arcade	Pad	Slow Glass	four-op-26-40cb5cc58942f6d089d21aa9.cni	201-choochoo-arcade.zip
26	201	ChooChoo Arcade	Bell-Mallet	Bronze Bell	four-op-26-ae549239045a11dc71b5cfc1.cni	201-choochoo-arcade.zip
26	201	ChooChoo Arcade	Bell-Mallet	Wood Bars	four-op-26-c5adf0689ea99744c0da89e6.cni	201-choochoo-arcade.zip
26	201	ChooChoo Arcade	Bell-Mallet	Ice Chime	four-op-26-f0f2ac229cf1d28b9c4b21a7.cni	201-choochoo-arcade.zip
26	201	ChooChoo Arcade	Organ	Small Pipes	four-op-26-41e76fd664baa6d19fc6206f.cni	201-choochoo-arcade.zip
26	201	ChooChoo Arcade	Organ	Reed Combo	four-op-26-f773d60a622b7f189307b488.cni	201-choochoo-arcade.zip
26	201	ChooChoo Arcade	Brass-Wind	Horn Pair	four-op-26-0d515e057a58c8baa1c4ddb9.cni	201-choochoo-arcade.zip
26	201	ChooChoo Arcade	Percussion	Low Tom	four-op-26-9407bb393164e3f2e537b548.cni	201-choochoo-arcade.zip
26	201	ChooChoo Arcade	Percussion	Metal Click	four-op-26-be2f974596da03090061d5b9.cni	201-choochoo-arcade.zip
26	201	ChooChoo Arcade	FX	Relay Storm	four-op-26-f6379a46372f3ab5efd0b0fe.cni	201-choochoo-arcade.zip
17	317	OPLL / MSX	Unsorted	Violin	builtin-17-01.cni	317-opll-msx.zip
17	317	OPLL / MSX	Unsorted	Guitar	builtin-17-02.cni	317-opll-msx.zip
17	317	OPLL / MSX	Unsorted	Piano	builtin-17-03.cni	317-opll-msx.zip
17	317	OPLL / MSX	Unsorted	Flute	builtin-17-04.cni	317-opll-msx.zip
17	317	OPLL / MSX	Unsorted	Clarinet	builtin-17-05.cni	317-opll-msx.zip
17	317	OPLL / MSX	Unsorted	Oboe	builtin-17-06.cni	317-opll-msx.zip
17	317	OPLL / MSX	Unsorted	Trumpet	builtin-17-07.cni	317-opll-msx.zip
17	317	OPLL / MSX	Unsorted	Organ	builtin-17-08.cni	317-opll-msx.zip
17	317	OPLL / MSX	Unsorted	Horn	builtin-17-09.cni	317-opll-msx.zip
17	317	OPLL / MSX	Unsorted	Synthesizer	builtin-17-10.cni	317-opll-msx.zip
17	317	OPLL / MSX	Unsorted	Harpsichord	builtin-17-11.cni	317-opll-msx.zip
17	317	OPLL / MSX	Unsorted	Vibraphone	builtin-17-12.cni	317-opll-msx.zip
17	317	OPLL / MSX	Unsorted	Synthesizer Bass	builtin-17-13.cni	317-opll-msx.zip
17	317	OPLL / MSX	Unsorted	Acoustic Bass	builtin-17-14.cni	317-opll-msx.zip
17	317	OPLL / MSX	Unsorted	Electric Guitar	builtin-17-15.cni	317-opll-msx.zip
18	318	VRC7	Unsorted	Buzzy Bell	builtin-18-01.cni	318-vrc7.zip
18	318	VRC7	Unsorted	Guitar	builtin-18-02.cni	318-vrc7.zip
18	318	VRC7	Unsorted	Wurly	builtin-18-03.cni	318-vrc7.zip
18	318	VRC7	Unsorted	Flute	builtin-18-04.cni	318-vrc7.zip
18	318	VRC7	Unsorted	Clarinet	builtin-18-05.cni	318-vrc7.zip
18	318	VRC7	Unsorted	Synth	builtin-18-06.cni	318-vrc7.zip
18	318	VRC7	Unsorted	Trumpet	builtin-18-07.cni	318-vrc7.zip
18	318	VRC7	Unsorted	Organ	builtin-18-08.cni	318-vrc7.zip
18	318	VRC7	Unsorted	Bells	builtin-18-09.cni	318-vrc7.zip
18	318	VRC7	Unsorted	Vibes	builtin-18-10.cni	318-vrc7.zip
18	318	VRC7	Unsorted	Vibraphone	builtin-18-11.cni	318-vrc7.zip
18	318	VRC7	Unsorted	Tutti	builtin-18-12.cni	318-vrc7.zip
18	318	VRC7	Unsorted	Fretless	builtin-18-13.cni	318-vrc7.zip
18	318	VRC7	Unsorted	Synth Bass	builtin-18-14.cni	318-vrc7.zip
18	318	VRC7	Unsorted	Sweep	builtin-18-15.cni	318-vrc7.zip
25	210	16-Bit FM Music Station	Keys	Acoustic Grand	16bit-station-000-000.cni	210-16-bit-fm-music-station.zip
25	210	16-Bit FM Music Station	Keys	Bright Piano	16bit-station-000-001.cni	210-16-bit-fm-music-station.zip
25	210	16-Bit FM Music Station	Keys	Electric Grand	16bit-station-000-002.cni	210-16-bit-fm-music-station.zip
25	210	16-Bit FM Music Station	Keys	Honky Tonk	16bit-station-000-003.cni	210-16-bit-fm-music-station.zip
25	210	16-Bit FM Music Station	Keys	Electric Piano 1	16bit-station-000-004.cni	210-16-bit-fm-music-station.zip
25	210	16-Bit FM Music Station	Keys	Electric Piano 2	16bit-station-000-005.cni	210-16-bit-fm-music-station.zip
25	210	16-Bit FM Music Station	Keys	Harpsichord	16bit-station-000-006.cni	210-16-bit-fm-music-station.zip
25	210	16-Bit FM Music Station	Bell-Mallet	Celesta	16bit-station-000-008.cni	210-16-bit-fm-music-station.zip
25	210	16-Bit FM Music Station	Bell-Mallet	Glockenspiel	16bit-station-000-009.cni	210-16-bit-fm-music-station.zip
25	210	16-Bit FM Music Station	Bell-Mallet	Music Box	16bit-station-000-010.cni	210-16-bit-fm-music-station.zip
25	210	16-Bit FM Music Station	Bell-Mallet	Vibraphone	16bit-station-000-011.cni	210-16-bit-fm-music-station.zip
25	210	16-Bit FM Music Station	Bell-Mallet	Marimba	16bit-station-000-012.cni	210-16-bit-fm-music-station.zip
25	210	16-Bit FM Music Station	Bell-Mallet	Xylophone	16bit-station-000-013.cni	210-16-bit-fm-music-station.zip
25	210	16-Bit FM Music Station	Bell-Mallet	Dulcimer	16bit-station-000-015.cni	210-16-bit-fm-music-station.zip
25	210	16-Bit FM Music Station	Organ	Drawbar Organ	16bit-station-000-016.cni	210-16-bit-fm-music-station.zip
25	210	16-Bit FM Music Station	Organ	Harmonica	16bit-station-000-022.cni	210-16-bit-fm-music-station.zip
25	210	16-Bit FM Music Station	Pluck	Nylon Guitar	16bit-station-000-024.cni	210-16-bit-fm-music-station.zip
25	210	16-Bit FM Music Station	Pluck	Steel Guitar	16bit-station-000-025.cni	210-16-bit-fm-music-station.zip
25	210	16-Bit FM Music Station	Pluck	Clean Guitar	16bit-station-000-027.cni	210-16-bit-fm-music-station.zip
25	210	16-Bit FM Music Station	Pluck	Distorted Guitar	16bit-station-000-030.cni	210-16-bit-fm-music-station.zip
25	210	16-Bit FM Music Station	Bass	Acoustic Bass	16bit-station-000-032.cni	210-16-bit-fm-music-station.zip
25	210	16-Bit FM Music Station	Bass	Fretless Bass	16bit-station-000-035.cni	210-16-bit-fm-music-station.zip
25	210	16-Bit FM Music Station	Bass	Slap Bass 1	16bit-station-000-036.cni	210-16-bit-fm-music-station.zip
25	210	16-Bit FM Music Station	Bass	Synth Bass 1	16bit-station-000-038.cni	210-16-bit-fm-music-station.zip
25	210	16-Bit FM Music Station	Other	Violin	16bit-station-000-040.cni	210-16-bit-fm-music-station.zip
25	210	16-Bit FM Music Station	Other	Orchestral Harp	16bit-station-000-046.cni	210-16-bit-fm-music-station.zip
25	210	16-Bit FM Music Station	Other	Strings 1	16bit-station-000-048.cni	210-16-bit-fm-music-station.zip
25	210	16-Bit FM Music Station	Other	Synth Strings 1	16bit-station-000-050.cni	210-16-bit-fm-music-station.zip
25	210	16-Bit FM Music Station	Other	Choir Aahs	16bit-station-000-052.cni	210-16-bit-fm-music-station.zip
25	210	16-Bit FM Music Station	Brass-Reed	Trumpet	16bit-station-000-056.cni	210-16-bit-fm-music-station.zip
25	210	16-Bit FM Music Station	Brass-Reed	Trombone	16bit-station-000-057.cni	210-16-bit-fm-music-station.zip
25	210	16-Bit FM Music Station	Brass-Reed	Tuba	16bit-station-000-058.cni	210-16-bit-fm-music-station.zip
25	210	16-Bit FM Music Station	Brass-Reed	Synth Brass 1	16bit-station-000-062.cni	210-16-bit-fm-music-station.zip
25	210	16-Bit FM Music Station	Brass-Reed	Synth Brass 2	16bit-station-000-063.cni	210-16-bit-fm-music-station.zip
25	210	16-Bit FM Music Station	Brass-Reed	Soprano Sax	16bit-station-000-064.cni	210-16-bit-fm-music-station.zip
25	210	16-Bit FM Music Station	Brass-Reed	Alto Sax	16bit-station-000-065.cni	210-16-bit-fm-music-station.zip
25	210	16-Bit FM Music Station	Brass-Reed	Tenor Sax	16bit-station-000-066.cni	210-16-bit-fm-music-station.zip
25	210	16-Bit FM Music Station	Brass-Reed	Baritone Sax	16bit-station-000-067.cni	210-16-bit-fm-music-station.zip
25	210	16-Bit FM Music Station	Brass-Reed	Recorder	16bit-station-000-074.cni	210-16-bit-fm-music-station.zip
25	210	16-Bit FM Music Station	Brass-Reed	Whistle	16bit-station-000-078.cni	210-16-bit-fm-music-station.zip
25	210	16-Bit FM Music Station	Brass-Reed	Ocarina	16bit-station-000-079.cni	210-16-bit-fm-music-station.zip
25	210	16-Bit FM Music Station	Lead	Square Lead	16bit-station-000-080.cni	210-16-bit-fm-music-station.zip
25	210	16-Bit FM Music Station	Lead	Saw Lead	16bit-station-000-081.cni	210-16-bit-fm-music-station.zip
25	210	16-Bit FM Music Station	Pad	Warm Pad	16bit-station-000-089.cni	210-16-bit-fm-music-station.zip
25	210	16-Bit FM Music Station	Pad	Polysynth Pad	16bit-station-000-090.cni	210-16-bit-fm-music-station.zip
25	210	16-Bit FM Music Station	FX	Crystal FX	16bit-station-000-098.cni	210-16-bit-fm-music-station.zip
25	210	16-Bit FM Music Station	FX	Brightness FX	16bit-station-000-100.cni	210-16-bit-fm-music-station.zip
25	210	16-Bit FM Music Station	FX	Echoes FX	16bit-station-000-102.cni	210-16-bit-fm-music-station.zip
25	210	16-Bit FM Music Station	Percussion	Steel Drums	16bit-station-000-114.cni	210-16-bit-fm-music-station.zip
26	211	YMulator Arcade Collection	Unsorted	Picked Bass	ymulator-000.cni	211-ymulator-arcade-collection.zip
26	211	YMulator Arcade Collection	Unsorted	Slap Bass	ymulator-001.cni	211-ymulator-arcade-collection.zip
26	211	YMulator Arcade Collection	Unsorted	Synth Bass 1	ymulator-002.cni	211-ymulator-arcade-collection.zip
26	211	YMulator Arcade Collection	Unsorted	Sub Bass	ymulator-003.cni	211-ymulator-arcade-collection.zip
26	211	YMulator Arcade Collection	Unsorted	Fretless Bass	ymulator-004.cni	211-ymulator-arcade-collection.zip
26	211	YMulator Arcade Collection	Unsorted	Acid Bass	ymulator-005.cni	211-ymulator-arcade-collection.zip
26	211	YMulator Arcade Collection	Unsorted	Pulse Bass	ymulator-006.cni	211-ymulator-arcade-collection.zip
26	211	YMulator Arcade Collection	Unsorted	Reso Bass	ymulator-007.cni	211-ymulator-arcade-collection.zip
26	211	YMulator Arcade Collection	Unsorted	Square Lead	ymulator-008.cni	211-ymulator-arcade-collection.zip
26	211	YMulator Arcade Collection	Unsorted	Saw Lead	ymulator-009.cni	211-ymulator-arcade-collection.zip
26	211	YMulator Arcade Collection	Unsorted	Sync Lead	ymulator-010.cni	211-ymulator-arcade-collection.zip
26	211	YMulator Arcade Collection	Unsorted	Fifth Lead	ymulator-011.cni	211-ymulator-arcade-collection.zip
26	211	YMulator Arcade Collection	Unsorted	Distortion Lead	ymulator-012.cni	211-ymulator-arcade-collection.zip
26	211	YMulator Arcade Collection	Unsorted	Portamento Lead	ymulator-013.cni	211-ymulator-arcade-collection.zip
26	211	YMulator Arcade Collection	Unsorted	Brass Lead	ymulator-015.cni	211-ymulator-arcade-collection.zip
26	211	YMulator Arcade Collection	Unsorted	String Pad	ymulator-016.cni	211-ymulator-arcade-collection.zip
26	211	YMulator Arcade Collection	Unsorted	Warm Pad	ymulator-017.cni	211-ymulator-arcade-collection.zip
26	211	YMulator Arcade Collection	Unsorted	Glass Pad	ymulator-019.cni	211-ymulator-arcade-collection.zip
26	211	YMulator Arcade Collection	Unsorted	Sweep Pad	ymulator-020.cni	211-ymulator-arcade-collection.zip
26	211	YMulator Arcade Collection	Unsorted	Space Pad	ymulator-021.cni	211-ymulator-arcade-collection.zip
26	211	YMulator Arcade Collection	Unsorted	Trumpet	ymulator-022.cni	211-ymulator-arcade-collection.zip
26	211	YMulator Arcade Collection	Unsorted	Trombone	ymulator-023.cni	211-ymulator-arcade-collection.zip
26	211	YMulator Arcade Collection	Unsorted	French Horn	ymulator-024.cni	211-ymulator-arcade-collection.zip
26	211	YMulator Arcade Collection	Unsorted	Brass Section	ymulator-025.cni	211-ymulator-arcade-collection.zip
26	211	YMulator Arcade Collection	Unsorted	Synth Brass 1	ymulator-026.cni	211-ymulator-arcade-collection.zip
26	211	YMulator Arcade Collection	Unsorted	Synth Brass 2	ymulator-027.cni	211-ymulator-arcade-collection.zip
26	211	YMulator Arcade Collection	Unsorted	DX E.Piano 1	ymulator-028.cni	211-ymulator-arcade-collection.zip
26	211	YMulator Arcade Collection	Unsorted	DX E.Piano 2	ymulator-029.cni	211-ymulator-arcade-collection.zip
26	211	YMulator Arcade Collection	Unsorted	Wurlitzer	ymulator-030.cni	211-ymulator-arcade-collection.zip
26	211	YMulator Arcade Collection	Unsorted	Clavinet	ymulator-031.cni	211-ymulator-arcade-collection.zip
26	211	YMulator Arcade Collection	Unsorted	Harpsichord	ymulator-032.cni	211-ymulator-arcade-collection.zip
26	211	YMulator Arcade Collection	Unsorted	Vibraphone	ymulator-033.cni	211-ymulator-arcade-collection.zip
26	211	YMulator Arcade Collection	Unsorted	Marimba	ymulator-034.cni	211-ymulator-arcade-collection.zip
26	211	YMulator Arcade Collection	Unsorted	Toy Piano	ymulator-035.cni	211-ymulator-arcade-collection.zip
26	211	YMulator Arcade Collection	Unsorted	Drawbar Organ	ymulator-036.cni	211-ymulator-arcade-collection.zip
26	211	YMulator Arcade Collection	Unsorted	Perc Organ	ymulator-037.cni	211-ymulator-arcade-collection.zip
26	211	YMulator Arcade Collection	Unsorted	Rock Organ	ymulator-038.cni	211-ymulator-arcade-collection.zip
26	211	YMulator Arcade Collection	Unsorted	Church Organ	ymulator-039.cni	211-ymulator-arcade-collection.zip
26	211	YMulator Arcade Collection	Unsorted	Strings	ymulator-040.cni	211-ymulator-arcade-collection.zip
26	211	YMulator Arcade Collection	Unsorted	Slow Strings	ymulator-041.cni	211-ymulator-arcade-collection.zip
26	211	YMulator Arcade Collection	Unsorted	Synth Strings	ymulator-042.cni	211-ymulator-arcade-collection.zip
26	211	YMulator Arcade Collection	Unsorted	Violin	ymulator-044.cni	211-ymulator-arcade-collection.zip
26	211	YMulator Arcade Collection	Unsorted	Cello	ymulator-045.cni	211-ymulator-arcade-collection.zip
26	211	YMulator Arcade Collection	Unsorted	Tom Tom	ymulator-048.cni	211-ymulator-arcade-collection.zip
26	211	YMulator Arcade Collection	Unsorted	Metallic	ymulator-051.cni	211-ymulator-arcade-collection.zip
26	211	YMulator Arcade Collection	Unsorted	Zap	ymulator-052.cni	211-ymulator-arcade-collection.zip
26	211	YMulator Arcade Collection	Unsorted	Explosion	ymulator-053.cni	211-ymulator-arcade-collection.zip
26	211	YMulator Arcade Collection	Unsorted	Poly Synth	ymulator-054.cni	211-ymulator-arcade-collection.zip
26	211	YMulator Arcade Collection	Unsorted	PWM Synth	ymulator-055.cni	211-ymulator-arcade-collection.zip
26	211	YMulator Arcade Collection	Unsorted	FM Bell	ymulator-056.cni	211-ymulator-arcade-collection.zip
26	211	YMulator Arcade Collection	Unsorted	Crystal	ymulator-057.cni	211-ymulator-arcade-collection.zip
26	211	YMulator Arcade Collection	Unsorted	Atmosphere	ymulator-058.cni	211-ymulator-arcade-collection.zip
26	211	YMulator Arcade Collection	Unsorted	Brightness	ymulator-059.cni	211-ymulator-arcade-collection.zip
26	211	YMulator Arcade Collection	Unsorted	Goblins	ymulator-060.cni	211-ymulator-arcade-collection.zip
26	211	YMulator Arcade Collection	Unsorted	Echo Drops	ymulator-061.cni	211-ymulator-arcade-collection.zip
26	211	YMulator Arcade Collection	Unsorted	Star Theme	ymulator-062.cni	211-ymulator-arcade-collection.zip
26	211	YMulator Arcade Collection	Unsorted	Soundtrack	ymulator-063.cni	211-ymulator-arcade-collection.zip
17	390	emu2413 YM2413	Unsorted	Violin	opll-17-390-00.cni	390-emu2413-ym2413.zip
17	390	emu2413 YM2413	Unsorted	Guitar	opll-17-390-01.cni	390-emu2413-ym2413.zip
17	390	emu2413 YM2413	Unsorted	Piano	opll-17-390-02.cni	390-emu2413-ym2413.zip
17	390	emu2413 YM2413	Unsorted	Flute	opll-17-390-03.cni	390-emu2413-ym2413.zip
17	390	emu2413 YM2413	Unsorted	Clarinet	opll-17-390-04.cni	390-emu2413-ym2413.zip
17	390	emu2413 YM2413	Unsorted	Oboe	opll-17-390-05.cni	390-emu2413-ym2413.zip
17	390	emu2413 YM2413	Unsorted	Trumpet	opll-17-390-06.cni	390-emu2413-ym2413.zip
17	390	emu2413 YM2413	Unsorted	Organ	opll-17-390-07.cni	390-emu2413-ym2413.zip
17	390	emu2413 YM2413	Unsorted	Horn	opll-17-390-08.cni	390-emu2413-ym2413.zip
17	390	emu2413 YM2413	Unsorted	Synthesizer	opll-17-390-09.cni	390-emu2413-ym2413.zip
17	390	emu2413 YM2413	Unsorted	Harpsichord	opll-17-390-10.cni	390-emu2413-ym2413.zip
17	390	emu2413 YM2413	Unsorted	Vibraphone	opll-17-390-11.cni	390-emu2413-ym2413.zip
17	390	emu2413 YM2413	Unsorted	Synth Bass	opll-17-390-12.cni	390-emu2413-ym2413.zip
17	390	emu2413 YM2413	Unsorted	Acoustic Bass	opll-17-390-13.cni	390-emu2413-ym2413.zip
17	390	emu2413 YM2413	Unsorted	Electric Guitar	opll-17-390-14.cni	390-emu2413-ym2413.zip
17	391	emu2413 VRC7	Unsorted	Buzzy Bell	opll-17-391-00.cni	391-emu2413-vrc7.zip
17	391	emu2413 VRC7	Unsorted	Guitar	opll-17-391-01.cni	391-emu2413-vrc7.zip
17	391	emu2413 VRC7	Unsorted	Wurly	opll-17-391-02.cni	391-emu2413-vrc7.zip
17	391	emu2413 VRC7	Unsorted	Flute	opll-17-391-03.cni	391-emu2413-vrc7.zip
17	391	emu2413 VRC7	Unsorted	Synth	opll-17-391-05.cni	391-emu2413-vrc7.zip
17	391	emu2413 VRC7	Unsorted	Organ	opll-17-391-07.cni	391-emu2413-vrc7.zip
17	391	emu2413 VRC7	Unsorted	Bells	opll-17-391-08.cni	391-emu2413-vrc7.zip
17	391	emu2413 VRC7	Unsorted	Vibes	opll-17-391-09.cni	391-emu2413-vrc7.zip
17	391	emu2413 VRC7	Unsorted	Tutti	opll-17-391-11.cni	391-emu2413-vrc7.zip
17	391	emu2413 VRC7	Unsorted	Fretless	opll-17-391-12.cni	391-emu2413-vrc7.zip
17	391	emu2413 VRC7	Unsorted	Synth Bass	opll-17-391-13.cni	391-emu2413-vrc7.zip
17	391	emu2413 VRC7	Unsorted	Sweep	opll-17-391-14.cni	391-emu2413-vrc7.zip
17	392	emu2413 YMF281B	Unsorted	Electric Strings	opll-17-392-00.cni	392-emu2413-ymf281b.zip
17	392	emu2413 YMF281B	Unsorted	Bow Wow	opll-17-392-01.cni	392-emu2413-ymf281b.zip
17	392	emu2413 YMF281B	Unsorted	Electric Guitar	opll-17-392-02.cni	392-emu2413-ymf281b.zip
17	392	emu2413 YMF281B	Unsorted	Organ	opll-17-392-03.cni	392-emu2413-ymf281b.zip
17	392	emu2413 YMF281B	Unsorted	Saxophone	opll-17-392-05.cni	392-emu2413-ymf281b.zip
17	392	emu2413 YMF281B	Unsorted	Trumpet	opll-17-392-06.cni	392-emu2413-ymf281b.zip
17	392	emu2413 YMF281B	Unsorted	Street Organ	opll-17-392-07.cni	392-emu2413-ymf281b.zip
17	392	emu2413 YMF281B	Unsorted	Synth Brass	opll-17-392-08.cni	392-emu2413-ymf281b.zip
17	392	emu2413 YMF281B	Unsorted	Electric Piano	opll-17-392-09.cni	392-emu2413-ymf281b.zip
17	392	emu2413 YMF281B	Unsorted	Bass	opll-17-392-10.cni	392-emu2413-ymf281b.zip
17	392	emu2413 YMF281B	Unsorted	Chimes	opll-17-392-12.cni	392-emu2413-ymf281b.zip
17	392	emu2413 YMF281B	Unsorted	Tom Tom II	opll-17-392-13.cni	392-emu2413-ymf281b.zip
17	392	emu2413 YMF281B	Unsorted	Noise	opll-17-392-14.cni	392-emu2413-ymf281b.zip
17	393	ChooChoo OPLL Programs	Keys	Reed Keys	opll-17-393-00.cni	393-choochoo-opll-programs.zip
17	393	ChooChoo OPLL Programs	Keys	Soft Tines	opll-17-393-01.cni	393-choochoo-opll-programs.zip
17	393	ChooChoo OPLL Programs	Pluck	Wire Clav	opll-17-393-02.cni	393-choochoo-opll-programs.zip
17	393	ChooChoo OPLL Programs	Pluck	Hollow Pluck	opll-17-393-03.cni	393-choochoo-opll-programs.zip
17	393	ChooChoo OPLL Programs	Bass	Rubber Bass	opll-17-393-04.cni	393-choochoo-opll-programs.zip
17	393	ChooChoo OPLL Programs	Bass	Round Sub	opll-17-393-05.cni	393-choochoo-opll-programs.zip
17	393	ChooChoo OPLL Programs	Bass	Pick Root	opll-17-393-06.cni	393-choochoo-opll-programs.zip
17	393	ChooChoo OPLL Programs	Lead	Narrow Reed	opll-17-393-07.cni	393-choochoo-opll-programs.zip
17	393	ChooChoo OPLL Programs	Lead	Soft Whistle	opll-17-393-08.cni	393-choochoo-opll-programs.zip
17	393	ChooChoo OPLL Programs	Brass-Reed	Brass Solo	opll-17-393-09.cni	393-choochoo-opll-programs.zip
17	393	ChooChoo OPLL Programs	Organ	Cloud Organ	opll-17-393-10.cni	393-choochoo-opll-programs.zip
17	393	ChooChoo OPLL Programs	Pad	Glass Pad	opll-17-393-11.cni	393-choochoo-opll-programs.zip
17	393	ChooChoo OPLL Programs	Pad	Warm Pad	opll-17-393-12.cni	393-choochoo-opll-programs.zip
17	393	ChooChoo OPLL Programs	Bell-Mallet	Bronze Chime	opll-17-393-13.cni	393-choochoo-opll-programs.zip
17	393	ChooChoo OPLL Programs	Bell-Mallet	Ice Bell	opll-17-393-14.cni	393-choochoo-opll-programs.zip
17	393	ChooChoo OPLL Programs	Percussion	Wood Block	opll-17-393-15.cni	393-choochoo-opll-programs.zip
17	393	ChooChoo OPLL Programs	Percussion	Metal Hit	opll-17-393-16.cni	393-choochoo-opll-programs.zip
17	393	ChooChoo OPLL Programs	FX	Relay Buzz	opll-17-393-17.cni	393-choochoo-opll-programs.zip
18	400	emu2413 YM2413	Unsorted	Violin	opll-18-400-00.cni	400-emu2413-ym2413.zip
18	400	emu2413 YM2413	Unsorted	Guitar	opll-18-400-01.cni	400-emu2413-ym2413.zip
18	400	emu2413 YM2413	Unsorted	Piano	opll-18-400-02.cni	400-emu2413-ym2413.zip
18	400	emu2413 YM2413	Unsorted	Flute	opll-18-400-03.cni	400-emu2413-ym2413.zip
18	400	emu2413 YM2413	Unsorted	Clarinet	opll-18-400-04.cni	400-emu2413-ym2413.zip
18	400	emu2413 YM2413	Unsorted	Oboe	opll-18-400-05.cni	400-emu2413-ym2413.zip
18	400	emu2413 YM2413	Unsorted	Trumpet	opll-18-400-06.cni	400-emu2413-ym2413.zip
18	400	emu2413 YM2413	Unsorted	Organ	opll-18-400-07.cni	400-emu2413-ym2413.zip
18	400	emu2413 YM2413	Unsorted	Horn	opll-18-400-08.cni	400-emu2413-ym2413.zip
18	400	emu2413 YM2413	Unsorted	Synthesizer	opll-18-400-09.cni	400-emu2413-ym2413.zip
18	400	emu2413 YM2413	Unsorted	Harpsichord	opll-18-400-10.cni	400-emu2413-ym2413.zip
18	400	emu2413 YM2413	Unsorted	Vibraphone	opll-18-400-11.cni	400-emu2413-ym2413.zip
18	400	emu2413 YM2413	Unsorted	Synth Bass	opll-18-400-12.cni	400-emu2413-ym2413.zip
18	400	emu2413 YM2413	Unsorted	Acoustic Bass	opll-18-400-13.cni	400-emu2413-ym2413.zip
18	400	emu2413 YM2413	Unsorted	Electric Guitar	opll-18-400-14.cni	400-emu2413-ym2413.zip
18	401	emu2413 VRC7	Unsorted	Buzzy Bell	opll-18-401-00.cni	401-emu2413-vrc7.zip
18	401	emu2413 VRC7	Unsorted	Guitar	opll-18-401-01.cni	401-emu2413-vrc7.zip
18	401	emu2413 VRC7	Unsorted	Wurly	opll-18-401-02.cni	401-emu2413-vrc7.zip
18	401	emu2413 VRC7	Unsorted	Flute	opll-18-401-03.cni	401-emu2413-vrc7.zip
18	401	emu2413 VRC7	Unsorted	Synth	opll-18-401-05.cni	401-emu2413-vrc7.zip
18	401	emu2413 VRC7	Unsorted	Organ	opll-18-401-07.cni	401-emu2413-vrc7.zip
18	401	emu2413 VRC7	Unsorted	Bells	opll-18-401-08.cni	401-emu2413-vrc7.zip
18	401	emu2413 VRC7	Unsorted	Vibes	opll-18-401-09.cni	401-emu2413-vrc7.zip
18	401	emu2413 VRC7	Unsorted	Tutti	opll-18-401-11.cni	401-emu2413-vrc7.zip
18	401	emu2413 VRC7	Unsorted	Fretless	opll-18-401-12.cni	401-emu2413-vrc7.zip
18	401	emu2413 VRC7	Unsorted	Synth Bass	opll-18-401-13.cni	401-emu2413-vrc7.zip
18	401	emu2413 VRC7	Unsorted	Sweep	opll-18-401-14.cni	401-emu2413-vrc7.zip
18	402	emu2413 YMF281B	Unsorted	Electric Strings	opll-18-402-00.cni	402-emu2413-ymf281b.zip
18	402	emu2413 YMF281B	Unsorted	Bow Wow	opll-18-402-01.cni	402-emu2413-ymf281b.zip
18	402	emu2413 YMF281B	Unsorted	Electric Guitar	opll-18-402-02.cni	402-emu2413-ymf281b.zip
18	402	emu2413 YMF281B	Unsorted	Organ	opll-18-402-03.cni	402-emu2413-ymf281b.zip
18	402	emu2413 YMF281B	Unsorted	Saxophone	opll-18-402-05.cni	402-emu2413-ymf281b.zip
18	402	emu2413 YMF281B	Unsorted	Trumpet	opll-18-402-06.cni	402-emu2413-ymf281b.zip
18	402	emu2413 YMF281B	Unsorted	Street Organ	opll-18-402-07.cni	402-emu2413-ymf281b.zip
18	402	emu2413 YMF281B	Unsorted	Synth Brass	opll-18-402-08.cni	402-emu2413-ymf281b.zip
18	402	emu2413 YMF281B	Unsorted	Electric Piano	opll-18-402-09.cni	402-emu2413-ymf281b.zip
18	402	emu2413 YMF281B	Unsorted	Bass	opll-18-402-10.cni	402-emu2413-ymf281b.zip
18	402	emu2413 YMF281B	Unsorted	Chimes	opll-18-402-12.cni	402-emu2413-ymf281b.zip
18	402	emu2413 YMF281B	Unsorted	Tom Tom II	opll-18-402-13.cni	402-emu2413-ymf281b.zip
18	402	emu2413 YMF281B	Unsorted	Noise	opll-18-402-14.cni	402-emu2413-ymf281b.zip
18	403	ChooChoo OPLL Programs	Keys	Reed Keys	opll-18-403-00.cni	403-choochoo-opll-programs.zip
18	403	ChooChoo OPLL Programs	Keys	Soft Tines	opll-18-403-01.cni	403-choochoo-opll-programs.zip
18	403	ChooChoo OPLL Programs	Pluck	Wire Clav	opll-18-403-02.cni	403-choochoo-opll-programs.zip
18	403	ChooChoo OPLL Programs	Pluck	Hollow Pluck	opll-18-403-03.cni	403-choochoo-opll-programs.zip
18	403	ChooChoo OPLL Programs	Bass	Rubber Bass	opll-18-403-04.cni	403-choochoo-opll-programs.zip
18	403	ChooChoo OPLL Programs	Bass	Round Sub	opll-18-403-05.cni	403-choochoo-opll-programs.zip
18	403	ChooChoo OPLL Programs	Bass	Pick Root	opll-18-403-06.cni	403-choochoo-opll-programs.zip
18	403	ChooChoo OPLL Programs	Lead	Narrow Reed	opll-18-403-07.cni	403-choochoo-opll-programs.zip
18	403	ChooChoo OPLL Programs	Lead	Soft Whistle	opll-18-403-08.cni	403-choochoo-opll-programs.zip
18	403	ChooChoo OPLL Programs	Brass-Reed	Brass Solo	opll-18-403-09.cni	403-choochoo-opll-programs.zip
18	403	ChooChoo OPLL Programs	Organ	Cloud Organ	opll-18-403-10.cni	403-choochoo-opll-programs.zip
18	403	ChooChoo OPLL Programs	Pad	Glass Pad	opll-18-403-11.cni	403-choochoo-opll-programs.zip
18	403	ChooChoo OPLL Programs	Pad	Warm Pad	opll-18-403-12.cni	403-choochoo-opll-programs.zip
18	403	ChooChoo OPLL Programs	Bell-Mallet	Bronze Chime	opll-18-403-13.cni	403-choochoo-opll-programs.zip
18	403	ChooChoo OPLL Programs	Bell-Mallet	Ice Bell	opll-18-403-14.cni	403-choochoo-opll-programs.zip
18	403	ChooChoo OPLL Programs	Percussion	Wood Block	opll-18-403-15.cni	403-choochoo-opll-programs.zip
18	403	ChooChoo OPLL Programs	Percussion	Metal Hit	opll-18-403-16.cni	403-choochoo-opll-programs.zip
18	403	ChooChoo OPLL Programs	FX	Relay Buzz	opll-18-403-17.cni	403-choochoo-opll-programs.zip
27	600	ChooChoo SID Originals	Bass	Round Bass 1	sid-600-000.cni	600-choochoo-sid-originals.zip
27	600	ChooChoo SID Originals	Bass	Round Bass 2	sid-600-001.cni	600-choochoo-sid-originals.zip
27	600	ChooChoo SID Originals	Bass	Round Bass 3	sid-600-002.cni	600-choochoo-sid-originals.zip
27	600	ChooChoo SID Originals	Bass	Round Bass 4	sid-600-003.cni	600-choochoo-sid-originals.zip
27	600	ChooChoo SID Originals	Leads	Moving Pulse 1	sid-600-004.cni	600-choochoo-sid-originals.zip
27	600	ChooChoo SID Originals	Leads	Moving Pulse 2	sid-600-005.cni	600-choochoo-sid-originals.zip
27	600	ChooChoo SID Originals	Leads	Moving Pulse 3	sid-600-006.cni	600-choochoo-sid-originals.zip
27	600	ChooChoo SID Originals	Leads	Moving Pulse 4	sid-600-007.cni	600-choochoo-sid-originals.zip
27	600	ChooChoo SID Originals	Leads	Saw Pluck 1	sid-600-008.cni	600-choochoo-sid-originals.zip
27	600	ChooChoo SID Originals	Leads	Saw Pluck 2	sid-600-009.cni	600-choochoo-sid-originals.zip
27	600	ChooChoo SID Originals	Leads	Saw Pluck 3	sid-600-010.cni	600-choochoo-sid-originals.zip
27	600	ChooChoo SID Originals	Leads	Saw Pluck 4	sid-600-011.cni	600-choochoo-sid-originals.zip
27	600	ChooChoo SID Originals	Pads	Soft Pad 1	sid-600-012.cni	600-choochoo-sid-originals.zip
27	600	ChooChoo SID Originals	Pads	Soft Pad 2	sid-600-013.cni	600-choochoo-sid-originals.zip
27	600	ChooChoo SID Originals	Pads	Soft Pad 3	sid-600-014.cni	600-choochoo-sid-originals.zip
27	600	ChooChoo SID Originals	Pads	Soft Pad 4	sid-600-015.cni	600-choochoo-sid-originals.zip
27	600	ChooChoo SID Originals	Arpeggios	Arp Bell 1	sid-600-016.cni	600-choochoo-sid-originals.zip
27	600	ChooChoo SID Originals	Arpeggios	Arp Bell 2	sid-600-017.cni	600-choochoo-sid-originals.zip
27	600	ChooChoo SID Originals	Arpeggios	Arp Bell 3	sid-600-018.cni	600-choochoo-sid-originals.zip
27	600	ChooChoo SID Originals	Arpeggios	Arp Bell 4	sid-600-019.cni	600-choochoo-sid-originals.zip
27	600	ChooChoo SID Originals	Percussion	Noise Drum 1	sid-600-020.cni	600-choochoo-sid-originals.zip
27	600	ChooChoo SID Originals	Percussion	Noise Drum 2	sid-600-021.cni	600-choochoo-sid-originals.zip
27	600	ChooChoo SID Originals	Percussion	Noise Drum 3	sid-600-022.cni	600-choochoo-sid-originals.zip
27	600	ChooChoo SID Originals	Percussion	Noise Drum 4	sid-600-023.cni	600-choochoo-sid-originals.zip
27	600	ChooChoo SID Originals	Leads	Bright Lead 1	sid-600-024.cni	600-choochoo-sid-originals.zip
27	600	ChooChoo SID Originals	Leads	Bright Lead 2	sid-600-025.cni	600-choochoo-sid-originals.zip
27	600	ChooChoo SID Originals	Leads	Bright Lead 3	sid-600-026.cni	600-choochoo-sid-originals.zip
27	600	ChooChoo SID Originals	Leads	Bright Lead 4	sid-600-027.cni	600-choochoo-sid-originals.zip
27	600	ChooChoo SID Originals	Arpeggios	Pulse Chord 1	sid-600-028.cni	600-choochoo-sid-originals.zip
27	600	ChooChoo SID Originals	Arpeggios	Pulse Chord 2	sid-600-029.cni	600-choochoo-sid-originals.zip
27	600	ChooChoo SID Originals	Arpeggios	Pulse Chord 3	sid-600-030.cni	600-choochoo-sid-originals.zip
27	600	ChooChoo SID Originals	Arpeggios	Pulse Chord 4	sid-600-031.cni	600-choochoo-sid-originals.zip
27	601	SIDkit Effects	Effects	Fire	sid-601-000.cni	601-sidkit-effects.zip
27	601	SIDkit Effects	Effects	Explode	sid-601-001.cni	601-sidkit-effects.zip
27	601	SIDkit Effects	Effects	Hit	sid-601-002.cni	601-sidkit-effects.zip
27	601	SIDkit Effects	Effects	Weakpoint Hit	sid-601-003.cni	601-sidkit-effects.zip
27	601	SIDkit Effects	Effects	Enemy Hit	sid-601-004.cni	601-sidkit-effects.zip
27	601	SIDkit Effects	Effects	March	sid-601-005.cni	601-sidkit-effects.zip
27	601	SIDkit Effects	Effects	Kraft Alarm	sid-601-006.cni	601-sidkit-effects.zip
27	601	SIDkit Effects	Effects	Game Over	sid-601-007.cni	601-sidkit-effects.zip
27	601	SIDkit Effects	Effects	Death	sid-601-008.cni	601-sidkit-effects.zip
27	601	SIDkit Effects	Effects	Warp	sid-601-009.cni	601-sidkit-effects.zip
27	601	SIDkit Effects	Effects	Portal Ping	sid-601-010.cni	601-sidkit-effects.zip
27	601	SIDkit Effects	Effects	Powerup	sid-601-011.cni	601-sidkit-effects.zip
27	601	SIDkit Effects	Effects	Bounce	sid-601-012.cni	601-sidkit-effects.zip
27	601	SIDkit Effects	Effects	Blaster Bolt	sid-601-013.cni	601-sidkit-effects.zip
27	601	SIDkit Effects	Effects	Xwing Blaster	sid-601-014.cni	601-sidkit-effects.zip
27	601	SIDkit Effects	Effects	Heavy Repeater	sid-601-015.cni	601-sidkit-effects.zip
27	601	SIDkit Effects	Effects	Turbolaser	sid-601-016.cni	601-sidkit-effects.zip
27	601	SIDkit Effects	Effects	Tie Cannon	sid-601-017.cni	601-sidkit-effects.zip
27	601	SIDkit Effects	Effects	Shield On V3	sid-601-018.cni	601-sidkit-effects.zip
27	601	SIDkit Effects	Effects	Ion Cannon	sid-601-019.cni	601-sidkit-effects.zip
27	601	SIDkit Effects	Effects	Powerup Spread	sid-601-020.cni	601-sidkit-effects.zip
27	601	SIDkit Effects	Effects	Powerup Shield	sid-601-021.cni	601-sidkit-effects.zip
27	601	SIDkit Effects	Effects	Combo	sid-601-022.cni	601-sidkit-effects.zip
27	601	SIDkit Effects	Effects	Powerup Speed	sid-601-023.cni	601-sidkit-effects.zip
